id_dt_ib,name_dt_ib,iso,names,from_year,to_year,id_dt_cen2001,id_dt_cen2011,id_dt_lgd
0001,anantnag,JK,anantnag,1961,9999,06,14,0001
0002,budgam,JK,budgam,2011,9999,04,02,0002
0003,baramulla,JK,"baramula,baramulla",1961,9999,02,08,0003
0004,doda,JK,doda,1961,9999,09,16,0004
0005,jammu,JK,jammu,1961,9999,13,21,0005
0006,kargil,LA,kargil,2011,9999,08,04,0006
0007,kathua,JK,kathua,1961,9999,14,07,0007
0008,kupwara,JK,kupwara,1981,9999,01,01,0008
0009,lehladakh,LA,lehladakh,2011,9999,07,03,0009
0010,poonch,JK,"poonch,punch",1961,9999,11,05,0010
0011,pulwama,JK,"pulwama,pulwana",1981,9999,05,12,0011
0012,rajouri,JK,"rajauri,rajouri",2001,9999,12,06,0012
0013,srinagar,JK,srinagar,1961,9999,03,10,0013
0014,udhampur,JK,udhampur,1961,9999,10,19,0014
0015,bilaspur,HP,"bilaspur,bilaspurhimachal",1951,9999,08,30,0015
0016,chamba,HP,"chamba,champa",1951,9999,01,23,0016
0017,hamirpur,HP,"hamirpur,hamirpurhimachal",1981,9999,06,28,0017
0018,kangra,HP,"kangara,kangra,kangraatdharamsala,kangraatdharmsala",1971,9999,02,24,0018
0019,kinnaur,HP,kinnaur,1961,9999,12,34,0019
0020,kullu,HP,kullu,2001,9999,04,26,0020
0021,lahulandspiti,HP,"lahaulspiti,lahulspiti",1981,9999,03,25,0021
0022,mandi,HP,mandi,1951,9999,05,27,0022
0023,shimla,HP,"shimla,simla",1981,9999,11,33,0023
0024,sirmaur,HP,"nahan,sirmaur,sirmur",1971,9999,10,32,0024
0025,solan,HP,solan,1971,9999,09,31,0025
0026,una,HP,una,1971,9999,07,29,0026
0027,amritsar,PB,amritsar,1951,9999,02,49,0027
0028,bathinda,PB,"bathinda,bhatinda",1981,9999,14,46,0028
0029,faridkot,PB,faridkot,1981,9999,13,45,0029
0030,fatehgarhsahib,PB,"fatehgarh,fatehgarhsahib",1951,9999,08,40,0030
0031,ferozepur,PB,"ferozepore,ferozepur",1951,9999,11,43,0031
0032,gurdaspur,PB,"gurdaspljr,gurdaspur",1951,9999,01,35,0032
0033,hoshiarpur,PB,hoshiarpur,1951,9999,05,38,0033
0034,jalandhar,PB,"jalandhar,jullundur",1991,9999,04,37,0034
0035,kapurthala,PB,"kapurhala,kapurthala",1951,9999,03,36,0035
0036,ludhiana,PB,ludhiana,1951,9999,09,41,0036
0037,mansa,PB,mansa,2001,9999,15,47,0037
0038,moga,PB,moga,2001,9999,10,42,0038
0039,srimuktsarsahib,PB,srimuktsarsahib,2011,9999,12,44,0039
0040,shahidbhagatsinghnagar,PB,"nawashahar,shahidbhagatsinghnagar",2001,9999,06,39,0040
0041,patiala,PB,patiala,1951,9999,17,48,0041
0042,rupnagar,PB,"ropar,rupnagar",1981,9999,07,51,0042
0043,sangrur,PB,sangrur,1951,9999,16,53,0043
0044,chandigarh,CH,chandigarh,1971,9999,01,55,0044
0045,almora,UT,almora,2001,9999,09,64,0045
0046,bageshwar,UT,bageshwar,2001,9999,08,63,0046
0047,chamoli,UT,"chamoli,gopeshwar",2001,9999,02,57,0047
0048,champawat,UT,champawat,2001,9999,10,65,0048
0049,dehradun,UT,dehradun,2001,9999,05,60,0049
0050,haridwar,UT,haridwar,2011,9999,13,68,0050
0051,nainital,UT,nainital,2001,9999,11,66,0051
0052,paurigarhwal,UT,paurigarhwal,2011,9999,06,61,0052
0053,pithoragarh,UT,pithoragarh,2001,9999,07,62,0053
0054,rudraprayag,UT,rudraprayag,2001,9999,03,58,0054
0055,tehrigarhwal,UT,tehrigarhwal,2001,9999,04,59,0055
0056,udamsinghnagar,UT,udamsinghnagar,2011,9999,12,67,0056
0057,uttarkashi,UT,uttarkashi,2001,9999,01,56,0057
0058,ambala,HR,ambala,1971,9999,02,70,0058
0059,bhiwani,HR,bhiwani,1981,9999,13,81,0059
0060,faridabad,HR,faridabad,1981,9999,19,88,0060
0061,fatehabad,HR,fatehabad,2001,9999,10,78,0061
0062,gurugram,HR,gurugram,2011,9999,18,86,0062
0063,hisar,HR,"hisar,hissar",1971,9999,12,80,0063
0064,jhajjar,HR,jhajjar,2001,9999,15,83,0064
0065,jind,HR,jind,1971,9999,09,77,0065
0066,kaithal,HR,kaithal,1991,9999,05,73,0066
0067,karnal,HR,karnal,1971,9999,06,74,0067
0068,kurukshetra,HR,"kurukshetra,kurukshetraatthanesar",1981,9999,04,72,0068
0069,mahendragarh,HR,"mahendragarh,mohindergarh,narnaul",1971,9999,16,84,0069
0070,panchkula,HR,panchkula,2001,9999,01,69,0070
0071,panipat,HR,panipat,1991,9999,07,75,0071
0072,rewari,HR,rewari,1991,9999,17,85,0072
0073,rohtak,HR,rohtak,1971,9999,14,82,0073
0074,sirsa,HR,sirsa,1981,9999,11,79,0074
0075,sonipat,HR,"sonepat,sonipat",1981,9999,08,76,0075
0076,yamunanagar,HR,yamunanagar,1991,9999,03,71,0076
0077,central,DL,central,2011,9999,06,95,0077
0078,east,DL,east,2011,9999,04,93,0078
0079,newdelhi,DL,"jamnagarhouse,newdelhi",2001,9999,05,94,0079
0080,north,DL,north,2011,9999,02,91,0080
0081,northeast,DL,northeast,2011,9999,03,92,0081
0082,northwest,DL,northwest,2011,9999,01,90,0082
0083,south,DL,south,2011,9999,09,98,0083
0084,southwest,DL,southwest,2011,9999,08,97,0084
0085,west,DL,west,2011,9999,07,96,0085
0086,ajmer,RJ,ajmer,1951,9999,21,119,0086
0087,alwar,RJ,alwar,1951,9999,06,104,0087
0088,banswara,RJ,banswara,1951,9999,28,125,0088
0089,baran,RJ,baran,2001,9999,31,128,0089
0090,barmer,RJ,"badmer,barmer",1951,9999,17,115,0090
0091,bharatpur,RJ,"bharatpur,dhaulpur",1951,9999,07,105,0091
0092,bhilwara,RJ,"bhilwar,bhilwara",1951,9999,24,122,0092
0093,bikaner,RJ,bikaner,1951,9999,03,101,0093
0094,bundi,RJ,bundi,1951,9999,23,121,0094
0095,chittorgarh,RJ,"chitorgarh,chittaurgarh,chittorgarh",1951,9999,29,126,0095
0096,churu,RJ,churu,1951,9999,04,102,0096
0097,dausa,RJ,dausa,2001,9999,11,109,0097
0098,dholpur,RJ,dholpur,2011,9999,08,106,0098
0099,dungarpur,RJ,dungarpur,1951,9999,27,124,0099
0100,ganganagar,RJ,"ganganagar,gangannagar,sriganganagar",1951,9999,01,99,0100
0101,hanumangarh,RJ,hanumangarh,2001,9999,02,100,0101
0102,jaipur,RJ,jaipur,1951,9999,12,110,0102
0103,jaisalmer,RJ,jaisalmer,1951,9999,16,114,0103
0104,jalore,RJ,jalore,2011,9999,18,116,0104
0105,jhalawar,RJ,"jhalawar,jhalwara",1951,9999,32,129,0105
0106,jhunjhunu,RJ,"jhunjhun,jhunjhunu,jhunjhunun",1951,9999,05,103,0106
0107,jodhpur,RJ,jodhpur,1951,9999,15,113,0107
0108,karauli,RJ,karauli,2001,9999,09,107,0108
0109,kota,RJ,"cota,kota",1961,9999,30,127,0109
0110,nagaur,RJ,"magaur,nagaur",1951,9999,14,112,0110
0111,pali,RJ,"pali,pall",1951,9999,20,118,0111
0112,rajsamand,RJ,rajsamand,2001,9999,25,123,0112
0113,sawaimadhopur,RJ,sawaimadhopur,1951,9999,10,108,0113
0114,sikar,RJ,"sikar,sokar",1951,9999,13,111,0114
0115,sirohi,RJ,sirohi,1951,9999,19,117,0115
0116,tonk,RJ,tonk,1951,9999,22,120,0116
0117,udaipur,RJ,udaipur,1951,9999,26,130,0117
0118,agra,UP,"agar,agra",1951,9999,15,146,0118
0119,aligarh,UP,aligarh,1951,9999,12,143,0119
0120,prayagraj,UP,prayagraj,2011,9999,45,175,0120
0121,ambedkarnagar,UP,"akbarpur,ambedkarnagar",2001,9999,48,178,0121
0122,auraiya,UP,"auraiya,auriya",2001,9999,32,162,0122
0123,azamgarh,UP,"azamgarh,maunathbhanjan",1951,9999,61,191,0123
0124,baghpat,UP,baghpat,2001,9999,08,139,0124
0125,bahraich,UP,bahraich,1951,9999,50,180,0125
0126,ballia,UP,"balia,ballia",1951,9999,63,193,0126
0127,balrampur,UP,"balrampur,balrampurup",2001,9999,52,182,0127
0128,banda,UP,banda,1951,9999,40,170,0128
0129,barabanki,UP,"banki,barabanki,nawabganjbarabanki",1951,9999,46,176,0129
0130,bareilly,UP,"bareili,bareilly,bareli",1951,9999,20,150,0130
0131,basti,UP,basti,1951,9999,55,185,0131
0132,bijnor,UP,bijnor,1951,9999,03,134,0132
0133,budaun,UP,"badaun,buaun,budaun,buduan",1951,9999,19,149,0133
0134,bulandshahr,UP,"bulandshahar,bulandshahr",1951,9999,11,142,0134
0135,chandauli,UP,chandauli,2001,9999,66,196,0135
0136,chitrakoot,UP,chitrakoot,2001,9999,41,171,0136
0137,deoria,UP,deoria,1951,9999,60,190,0137
0138,etah,UP,"eata,etah",1951,9999,17,201,0138
0139,etawah,UP,"etawah,itawa",1951,9999,31,161,0139
0140,ayodhya,UP,ayodhya,2011,9999,47,177,0140
0141,farrukhabad,UP,"farfukhabad,farrukhabad,farukhabad,fatehgarh",1951,9999,29,159,0141
0142,fatehpur,UP,fatehpur,1951,9999,42,172,0142
0143,firozabad,UP,firozabad,1991,9999,16,147,0143
0144,gautambuddhanagar,UP,"gautambuddhanagar,gbnagar,noida",2001,9999,10,141,0144
0145,ghaziabad,UP,ghaziabad,1981,9999,09,140,0145
0146,ghazipur,UP,ghazipur,1951,9999,65,195,0146
0147,gonda,UP,gonda,1951,9999,53,183,0147
0148,gorakhpur,UP,gorakhpur,1951,9999,58,188,0148
0149,hamirpur,UP,"hamirpur,hamirpurup",1951,9999,38,168,0149
0150,hardoi,UP,hardoi,1951,9999,25,155,0150
0151,jalaun,UP,"jalaun,jaloon,orai",1951,9999,35,165,0151
0152,jaunpur,UP,jaunpur,1951,9999,64,194,0152
0153,jhansi,UP,jhansi,1951,9999,36,166,0153
0154,amroha,UP,amroha,2011,9999,06,137,0154
0155,kannauj,UP,kannauj,2001,9999,30,160,0155
0156,kanpurdehat,UP,kanpurdehat,1991,9999,33,163,0156
0157,kanpurnagar,UP,"kanpur,kanpurnagar",1991,9999,34,164,0157
0158,kaushambi,UP,"kaushambi,manjhanpur",2001,9999,44,174,0158
0159,kheri,UP,"kheri,kherl,khiri,lakhimpur,lakhimpurkherii",1951,9999,23,153,0159
0160,kushinagar,UP,"khushinagar,kushinagar",2001,9999,59,189,0160
0161,lalitpur,UP,lalitpur,1981,9999,37,167,0161
0162,lucknow,UP,lucknow,1951,9999,27,157,0162
0163,hathras,UP,hathras,2011,9999,13,144,0163
0164,maharajganj,UP,"maharajganj,mahrajganj",1991,9999,57,187,0164
0165,mahoba,UP,mahoba,2001,9999,39,169,0165
0166,mainpuri,UP,mainpuri,1951,9999,18,148,0166
0167,mathura,UP,mathura,1951,9999,14,145,0167
0168,mau,UP,mau,1991,9999,62,192,0168
0169,meerut,UP,"meerut,merath",1951,9999,07,138,0169
0170,mirzapur,UP,mirzapur,1951,9999,69,199,0170
0171,moradabad,UP,"amroha,moradabad,muradabad",1951,9999,04,135,0171
0172,muzaffarnagar,UP,"muzafarnagar,muzaffarnagar",1951,9999,02,133,0172
0173,pilibhit,UP,"pilbhit,pilibhit,pilibhlt",1951,9999,21,151,0173
0174,pratapgarh,UP,"pratapgarh,pratapgarhup",1951,9999,43,173,0174
0175,raebareli,UP,"raebareli,raibareli",1951,9999,28,158,0175
0176,rampur,UP,rampur,1951,9999,05,136,0176
0177,saharanpur,UP,saharanpur,1951,9999,01,132,0177
0178,santkabeernagar,UP,santkabeernagar,2011,9999,56,186,0178
0179,bhadohi,UP,bhadohi,2011,9999,68,198,0179
0180,shahjahanpur,UP,shahjahanpur,1951,9999,22,152,0180
0181,shravasti,UP,shravasti,2011,9999,51,181,0181
0182,siddharthnagar,UP,"naugarh,siddharthanagar,siddharthnagar",2001,9999,54,184,0182
0183,sitapur,UP,sitapur,1951,9999,24,154,0183
0184,sonbhadra,UP,"robertsganj,sonbhadra,sonebhadra",1991,9999,70,200,0184
0185,sultanpur,UP,sultanpur,1951,9999,49,179,0185
0186,unnao,UP,"unnao,unnaw",1951,9999,26,156,0186
0187,varanasi,UP,"varanasi,varanasj",1961,9999,67,197,0187
0188,araria,BR,araria,1991,9999,07,209,0188
0189,aurangabad,BR,"aurangabad,aurangabadbihar",1981,9999,34,235,0189
0190,banka,BR,banka,2001,9999,23,225,0190
0191,begusarai,BR,begusarai,1981,9999,20,222,0191
0192,bhagalpur,BR,bhagalpur,1951,9999,22,224,0192
0193,bhojpur,BR,"arrah,bhojpur",1981,9999,29,231,0193
0194,buxar,BR,buxar,2001,9999,30,232,0194
0195,darbhanga,BR,darbhanga,1951,9999,13,215,0195
0196,gaya,BR,gaya,1951,9999,35,236,0196
0197,gopalganj,BR,gopalganj,1981,9999,15,217,0197
0198,jamui,BR,jamui,2001,9999,37,238,0198
0199,jehanabad,BR,jehanabad,1991,9999,33,239,0199
0200,kaimurbhabua,BR,kaimurbhabua,2011,9999,31,233,0200
0201,katihar,BR,katihar,1981,9999,10,212,0201
0202,khagaria,BR,khagaria,1991,9999,21,223,0202
0203,kishanganj,BR,kishanganj,1991,9999,08,210,0203
0204,lakhisarai,BR,lakhisarai,2001,9999,25,227,0204
0205,madhepura,BR,madhepura,1991,9999,11,213,0205
0206,madhubani,BR,madhubani,1981,9999,05,207,0206
0207,munger,BR,"monghyar,monghyr,munger",1961,9999,24,226,0207
0208,muzaffarpur,BR,muzaffarpur,1951,9999,14,216,0208
0209,nalanda,BR,"bihar,biharsharif,nalanda",1981,9999,27,229,0209
0210,nawada,BR,nawada,1981,9999,36,237,0210
0211,pashchimchamparan,BR,"betia,betiah,bettiah,paschimchamparan,pashchim,pashchimchamparan,westchamparan",1981,9999,01,203,0211
0212,patna,BR,patna,1951,9999,28,230,0212
0213,purbichamparan,BR,purbichamparan,2011,9999,02,204,0213
0214,purnia,BR,"purnea,purnia",1961,9999,09,211,0214
0215,rohtas,BR,"rohtas,sasaram",1981,9999,32,234,0215
0216,saharsa,BR,saharsa,1951,9999,12,214,0216
0217,samastipur,BR,samastipur,1981,9999,19,221,0217
0218,saran,BR,"chapra,saran",1951,9999,17,219,0218
0219,sheikhpura,BR,sheikhpura,2001,9999,26,228,0219
0220,sheohar,BR,sheohar,2001,9999,03,205,0220
0221,sitamarhi,BR,sitamarhi,1981,9999,04,206,0221
0222,siwan,BR,siwan,1981,9999,16,218,0222
0223,supaul,BR,supaul,2001,9999,06,208,0223
0224,vaishali,BR,"hajipur,hazipur,vaishali",1981,9999,18,220,0224
0225,gangtok,SK,gangtok,2011,9999,04,244,0225
0226,mangan,SK,mangan,2011,9999,01,241,0226
0227,namchi,SK,namchi,2011,9999,03,243,0227
0228,gyalshing,SK,gyalshing,2011,9999,02,242,0228
0229,changlang,AR,changlang,1991,9999,12,253,0229
0230,dibangvalley,AR,"dibangvalley,lowerdibangvalley,roing",1981,9999,10,257,0230
0231,eastkameng,AR,"balemueastkameng,eastkameng,seppa",1981,9999,03,247,0231
0232,eastsiang,AR,"eastsiang,pasighat",1981,9999,08,251,0232
0233,kurungkumey,AR,kurungkumey,2001,9999,14,256,0233
0234,lohit,AR,"lohit,tezu",1961,9999,11,259,0234
0235,lowerdibangvalley,AR,lowerdibangvalley,2011,9999,15,258,0235
0236,lowersubansiri,AR,"lower,lowersubansiri,ziro",1981,9999,05,255,0236
0237,papumpare,AR,"papumpare,yupia",2001,9999,04,248,0237
0238,tawang,AR,tawang,1991,9999,01,245,0238
0239,tirap,AR,"khonsa,tirap",1961,9999,13,254,0239
0240,uppersiang,AR,uppersiang,2001,9999,09,252,0240
0241,uppersubansiri,AR,"daporijo,uppersubansiri",1981,9999,06,249,0241
0242,westkameng,AR,"bomdila,westkameng",1981,9999,02,246,0242
0243,westsiang,AR,"along,westsiang",1981,9999,07,250,0243
0244,dimapur,NL,dimapur,2001,9999,06,265,0244
0245,kohima,NL,kohima,1961,9999,07,270,0245
0246,mokokchung,NL,mokokchung,1961,9999,03,262,0246
0247,mon,NL,mon,1981,9999,01,261,0247
0248,phek,NL,phek,1981,9999,08,266,0248
0249,tuensang,NL,tuensang,1951,9999,02,267,0249
0250,wokha,NL,wokha,1981,9999,05,264,0250
0251,zunheboto,NL,zunheboto,1981,9999,04,263,0251
0252,bishnupur,MN,bishnupur,1991,9999,04,275,0252
0253,chandel,MN,chandel,1991,9999,09,280,0253
0254,churachandpur,MN,"churachandpur,churachanpur",1991,9999,03,274,0254
0255,imphaleast,MN,"imphaleast,porompat",2001,9999,07,278,0255
0256,imphalwest,MN,"imphalwest,lamphelpat",2001,9999,06,277,0256
0257,senapati,MN,"senapati,senapatiexclsubdivisions",1991,9999,01,272,0257
0258,tamenglong,MN,tamenglong,1991,9999,02,273,0258
0259,thoubal,MN,thoubal,1991,9999,05,276,0259
0260,ukhrul,MN,ukhrul,1991,9999,08,279,0260
0261,aizawl,MZ,aizawl,1981,9999,03,283,0261
0262,champhai,MZ,champhai,2001,9999,04,284,0262
0263,kolasib,MZ,kolasib,2001,9999,02,282,0263
0264,lawngtlai,MZ,lawngtlai,2001,9999,07,287,0264
0265,lunglei,MZ,lunglei,1981,9999,06,286,0265
0266,mamit,MZ,mamit,2001,9999,01,281,0266
0267,siaha,MZ,siaha,2011,9999,08,288,0267
0268,serchhip,MZ,serchhip,2001,9999,05,285,0268
0269,dhalai,TR,"ambassa,dhalai",2001,9999,03,291,0269
0270,northtripura,TR,"kailashahar,northtripura",1971,9999,04,292,0270
0271,southtripura,TR,"southtripura,udaipur",1971,9999,02,290,0271
0272,westtripura,TR,"agartala,westtripura",1971,9999,01,289,0272
0273,eastgarohills,ML,"eastgarohills,eastgorahills",1981,9999,02,294,0273
0274,eastkhasihills,ML,eastkhasihills,1981,9999,06,298,0274
0275,westjaintiahills,ML,westjaintiahills,2011,9999,07,299,0275
0276,ribhoi,ML,ribhoi,2001,9999,05,297,0276
0277,southgarohills,ML,southgarohills,2001,9999,03,295,0277
0278,westgarohills,ML,westgarohills,1981,9999,01,293,0278
0279,westkhasihills,ML,westkhasihills,1981,9999,04,296,0279
0280,barpeta,AS,barpeta,1991,9999,05,303,0280
0281,bongaigaon,AS,bongaigaon,1991,9999,04,319,0281
0282,cachar,AS,"cachar,silchar",1951,9999,21,316,0282
0283,darrang,AS,"darrang,mangaldoi",1951,9999,08,325,0283
0284,dhemaji,AS,dhemaji,1991,9999,13,308,0284
0285,dhubri,AS,dhubri,2001,9999,02,301,0285
0286,dibrugarh,AS,dibrugarh,1981,9999,15,310,0286
0287,goalpara,AS,goalpara,1951,9999,03,302,0287
0288,golaghat,AS,golaghat,1991,9999,18,313,0288
0289,hailakandi,AS,hailakandi,1991,9999,23,318,0289
0290,jorhat,AS,jorhat,1991,9999,17,312,0290
0291,kamrup,AS,"guwahati,kamrup",1951,9999,06,321,0291
0292,karbianglong,AS,"diphu,karbianglong,mikirhills,unitedmikirandnorthcacharhill,unitedmikirnorthcachar,unitedmikirnorthcacharhills,westkarbianglong",1981,9999,19,314,0292
0293,karimganj,AS,karimganj,1991,9999,22,317,0293
0294,kokrajhar,AS,kokrajhar,1991,9999,01,300,0294
0295,lakhimpur,AS,"laihkhimipur,lakhimpur,northlakhimpur",1951,9999,12,307,0295
0296,marigaon,AS,marigaon,1991,9999,09,304,0296
0297,nagaon,AS,"hojai,nagaon,nowgaon,nowgong",1991,9999,10,305,0297
0298,nalbari,AS,nalbari,1991,9999,07,323,0298
0299,dimahasao,AS,"dimahasao,haflong",2001,9999,20,315,0299
0300,sivasagar,AS,"sibsagar,sivasagar",2001,9999,16,311,0300
0301,sonitpur,AS,"sonitpur,tezpur",1991,9999,11,306,0301
0302,tinsukia,AS,tinsukia,1991,9999,14,309,0302
0303,northparganas,WB,northparganas,2011,9999,11,337,0303
0304,southparganas,WB,southparganas,2011,9999,18,343,0304
0305,bankura,WB,bankura,1951,9999,13,339,0305
0306,purbabardhaman,WB,purbabardhaman,2011,9999,09,335,0306
0307,birbhum,WB,"birbhum,suri",1951,9999,08,334,0307
0308,coochbehar,WB,"coachbehar,cooch,coochbehar",1951,9999,03,329,0308
0309,darjeeling,WB,darjeeling,1951,9999,01,327,0309
0310,dakshindinajpur,WB,"balurghat,dakshindinajpur",2001,9999,05,331,0310
0311,uttardinajpur,WB,"karnajora,raiganj,uttardinajpur",2001,9999,04,330,0311
0312,hooghly,WB,"googhly,hooghly",1951,9999,12,338,0312
0313,howrah,WB,howrah,1951,9999,16,341,0313
0314,jalpaiguri,WB,"alipur,jalpaiguri",1951,9999,02,328,0314
0315,kolkata,WB,"alipore,kolkata",2001,9999,17,342,0315
0316,malda,WB,malda,1951,9999,06,332,0316
0317,purbamedinipur,WB,purbamedinipur,2001,9999,15,345,0317
0318,paschimmedinipur,WB,paschimmedinipur,2001,9999,15,344,0318
0319,murshidabad,WB,"baharampur,berhampur,murshidabad,mushidabad",1951,9999,07,333,0319
0320,nadia,WB,"krishnanagar,nadia",1951,9999,10,336,0320
0321,purulia,WB,purulia,1961,9999,14,340,0321
0322,bokaro,JH,bokaro,2001,9999,13,355,0322
0323,chatra,JH,chatra,2001,9999,03,347,0323
0324,deoghar,JH,deoghar,2001,9999,07,350,0324
0325,dhanbad,JH,dhanbad,2001,9999,12,354,0325
0326,dumka,JH,dumka,2001,9999,11,362,0326
0327,eastsinghbum,JH,eastsinghbum,2011,9999,18,357,0327
0328,garhwa,JH,garhwa,2001,9999,01,346,0328
0329,giridih,JH,giridih,2001,9999,06,349,0329
0330,godda,JH,godda,2001,9999,08,351,0330
0331,gumla,JH,gumla,2001,9999,16,366,0331
0332,hazaribagh,JH,hazaribagh,2001,9999,04,360,0332
0333,jamtara,JH,jamtara,2001,9999,20,363,0333
0334,koderma,JH,koderma,2011,9999,05,348,0334
0335,latehar,JH,latehar,2001,9999,02,359,0335
0336,lohardaga,JH,lohardaga,2001,9999,15,356,0336
0337,pakur,JH,"pakaur,pakur",2001,9999,10,353,0337
0338,palamu,JH,"palamau,palamu",2001,9999,02,358,0338
0339,ranchi,JH,ranchi,2001,9999,14,364,0339
0340,sahebganj,JH,sahebganj,2011,9999,09,352,0340
0341,saraikelakharsawan,JH,"saraikelakharsawan,saraikelakharswana,saraikellakharsawan",2001,9999,17,369,0341
0342,simdega,JH,simdega,2001,9999,21,367,0342
0343,westsinghbhum,JH,westsinghbhum,2011,9999,17,368,0343
0344,anugul,OR,"angul,anugul",2001,9999,15,384,0344
0345,balangir,OR,"balangir,bolangir",2001,9999,24,393,0345
0346,baleshwar,OR,"balasore,baleshwar",1981,9999,08,377,0346
0347,bargarh,OR,bargarh,2001,9999,01,370,0347
0348,bhadrak,OR,bhadrak,2001,9999,09,378,0348
0349,boudh,OR,boudh,2011,9999,22,391,0349
0350,cuttack,OR,cuttack,1951,9999,12,381,0350
0351,deogarh,OR,deogarh,2011,9999,04,373,0351
0352,dhenkanal,OR,dhenkanal,1951,9999,14,383,0352
0353,gajapati,OR,"gajapati,parlakhemundi",2001,9999,20,389,0353
0354,ganjam,OR,"chhatrapur,ganjam",1951,9999,19,388,0354
0355,jagatsinghapur,OR,"jagatsinghapur,jagatsinghpur",2001,9999,11,380,0355
0356,jajapur,OR,"jajapur,jajpur",2001,9999,13,382,0356
0357,jharsuguda,OR,jharsuguda,2001,9999,02,371,0357
0358,kalahandi,OR,"bhawanipatna,kalahandi",1951,9999,26,395,0358
0359,kandhamal,OR,"kandhamal,phulbani",2001,9999,21,390,0359
0360,kendrapara,OR,kendrapara,2001,9999,10,379,0360
0361,kendujhar,OR,"kendujhar,keonjhar",2001,9999,06,375,0361
0362,khordha,OR,"khordha,khurda",2001,9999,17,386,0362
0363,koraput,OR,koraput,1951,9999,29,398,0363
0364,malkangiri,OR,malkangiri,2001,9999,30,399,0364
0365,mayurbhanj,OR,"baripada,mayurbhanj",1951,9999,07,376,0365
0366,nabarangpur,OR,nabarangpur,2011,9999,28,397,0366
0367,nayagarh,OR,nayagarh,2001,9999,16,385,0367
0368,nuapada,OR,"nuapada,nuapara",2001,9999,25,394,0368
0369,puri,OR,"puri,purl",1951,9999,18,387,0369
0370,rayagada,OR,rayagada,2001,9999,27,396,0370
0371,sambalpur,OR,"bagarh,sambalpur",1951,9999,03,372,0371
0372,sonepur,OR,sonepur,2011,9999,23,392,0372
0373,sundargarh,OR,sundargarh,1951,9999,05,374,0373
0374,bastar,CT,"bastar,jagdalpur",2001,9999,15,414,0374
0375,bilaspur,CT,"bilaspur,bilaspurchhattisgarh",2001,9999,07,406,0375
0376,dakshinbastardantewada,CT,"dakshinbastardantewada,dantewada",2001,9999,16,416,0376
0377,dhamtari,CT,dhamtari,2001,9999,13,412,0377
0378,durg,CT,durg,2001,9999,10,409,0378
0379,janjgirchampa,CT,"jangirchampa,janjgirchampa",2001,9999,06,405,0379
0380,jashpur,CT,jashpur,2001,9999,03,402,0380
0381,uttarbastarkanker,CT,"kanker,uttarbastarkanker",2001,9999,14,413,0381
0382,kabeerdham,CT,"kabeerdham,kawardha",2001,9999,08,407,0382
0383,korba,CT,korba,2001,9999,05,404,0383
0384,korea,CT,korea,2011,9999,01,400,0384
0385,mahasamund,CT,mahasamund,2001,9999,12,411,0385
0386,raigarh,CT,"raigarh,raigarhchhattisgarh",2001,9999,04,403,0386
0387,raipur,CT,raipur,2001,9999,11,410,0387
0388,rajnandgaon,CT,rajnandgaon,2001,9999,09,408,0388
0389,surguja,CT,"ambikapur,surguja",2001,9999,02,401,0389
0390,anuppur,MP,anuppur,2001,9999,16,461,0390
0391,ashoknagar,MP,ashoknagar,2001,9999,46,459,0391
0392,balaghat,MP,balaghat,1951,9999,45,457,0392
0393,barwani,MP,barwani,2001,9999,28,441,0393
0394,betul,MP,"baitul,betul",1951,9999,35,447,0394
0395,bhind,MP,"bhind,bind",1951,9999,03,420,0395
0396,bhopal,MP,bhopal,1981,9999,32,444,0396
0397,burhanpur,MP,burhanpur,2001,9999,29,467,0397
0398,chhatarpur,MP,"chhatapur,chhatarpur,chhtarpur",1951,9999,09,425,0398
0399,chhindwara,MP,"chhindwara,chindwara",1951,9999,43,455,0399
0400,damoh,MP,damoh,1961,9999,12,428,0400
0401,datia,MP,"datia,datiya",1951,9999,05,422,0401
0402,dewas,MP,dewas,1951,9999,23,437,0402
0403,dhar,MP,dhar,1951,9999,25,438,0403
0404,dindori,MP,dindori,2001,9999,41,453,0404
0405,eastnimar,MP,"eastnimar,eastnimarkhandwa,khandwa,khandwaeastnimar,sidh",1961,9999,29,466,0405
0406,guna,MP,guna,1961,9999,07,458,0406
0407,gwalior,MP,"gavaliyar,gwalior,gwallor",1961,9999,04,421,0407
0408,harda,MP,harda,2001,9999,36,448,0408
0409,narmadapuram,MP,narmadapuram,2011,9999,37,449,0409
0410,indore,MP,indore,1951,9999,26,439,0410
0411,jabalpur,MP,jabalpur,1951,9999,39,451,0411
0412,jhabua,MP,jhabua,1951,9999,24,464,0412
0413,katni,MP,katni,2001,9999,38,450,0413
0414,khargone,MP,"khargon,khargone,khargonewestnimar,westnimar",1971,9999,27,440,0414
0415,mandla,MP,mandla,1951,9999,42,454,0415
0416,mandsaur,MP,"mandsaur,mandsour",1951,9999,19,433,0416
0417,morena,MP,"morena,muraina,murena",1951,9999,02,419,0417
0418,narsinghpur,MP,narsinghpur,2011,9999,40,452,0418
0419,neemuch,MP,neemuch,2001,9999,18,432,0419
0420,panna,MP,panna,1951,9999,10,426,0420
0421,raisen,MP,"raisen,raishen",1951,9999,34,446,0421
0422,rajgarh,MP,rajgarh,1951,9999,30,442,0422
0423,ratlam,MP,ratlam,1951,9999,20,434,0423
0424,rewa,MP,"rewa,riwa",1951,9999,14,430,0424
0425,sagar,MP,sagar,1951,9999,11,427,0425
0426,satna,MP,satna,1951,9999,13,429,0426
0427,sehore,MP,"sehore,sihor",1951,9999,33,445,0427
0428,seoni,MP,"seoni,sivni,siwni",1961,9999,44,456,0428
0429,shahdol,MP,"shahdol,shahdool",1951,9999,16,460,0429
0430,shajapur,MP,"shahjapur,shajapur",1951,9999,22,436,0430
0431,sheopur,MP,"seopur,sheopur",2001,9999,01,418,0431
0432,shivpuri,MP,shivpuri,1951,9999,06,423,0432
0433,sidhi,MP,"sidh,sidhi",1951,9999,17,462,0433
0434,tikamgarh,MP,tikamgarh,1951,9999,08,424,0434
0435,ujjain,MP,ujjain,1951,9999,21,435,0435
0436,umaria,MP,"umaria,umria",2001,9999,15,431,0436
0437,vidisha,MP,"vidisha,vidishabhilsa",1971,9999,31,443,0437
0438,ahmadabad,GJ,ahmadabad,2011,9999,07,474,0438
0439,amreli,GJ,amreli,1961,9999,13,480,0439
0440,anand,GJ,anand,2001,9999,15,482,0440
0441,banaskantha,GJ,"banaskantha,palanpur",1961,9999,02,469,0441
0442,bharuch,GJ,"bharuch,bharuchbroach,broach",1981,9999,21,488,0442
0443,bhavnagar,GJ,bhavnagar,1961,9999,14,481,0443
0444,dang,GJ,dang,2011,9999,23,489,0444
0445,dohad,GJ,"dahod,dohad",2001,9999,18,485,0445
0446,gandhinagar,GJ,gandhinagar,1971,9999,06,473,0446
0447,jamnagar,GJ,jamnagar,1961,9999,10,477,0447
0448,junagadh,GJ,junagadh,1961,9999,12,479,0448
0449,kachchh,GJ,"bhuj,kach,kachch,kachchh,kachh,kutch",1981,9999,01,468,0449
0450,kheda,GJ,"kaira,kheda,khedakaira,nadiad",1971,9999,16,483,0450
0451,mahesana,GJ,"mahesana,mehsana",2001,9999,04,471,0451
0452,narmada,GJ,"narmada,rajpipla",2001,9999,20,487,0452
0453,navsari,GJ,navsari,2001,9999,24,490,0453
0454,panchmahals,GJ,"godhra,panchmahals",1961,9999,17,484,0454
0455,patan,GJ,patan,2001,9999,03,470,0455
0456,porbandar,GJ,porbandar,2001,9999,11,478,0456
0457,rajkot,GJ,rajkot,1961,9999,09,476,0457
0458,sabarkantha,GJ,"himatnagar,sabarkantha",1961,9999,05,472,0458
0459,surat,GJ,surat,1961,9999,22,492,0459
0460,surendranagar,GJ,surendranagar,1961,9999,08,475,0460
0461,vadodara,GJ,"baroda,vadodara,vadodarabaroda",1981,9999,19,486,0461
0462,valsad,GJ,"valsad,valsadbulsar",1971,9999,25,491,0462
0463,daman,DD,daman,1991,9999,02,495,0463
0464,diu,DD,diu,1991,9999,01,494,0464
0465,dadraandnagarhaveli,DH,dadraandnagarhaveli,2011,9999,01,496,0465
0466,ahmednagar,MH,"ahmadnagar,ahmednagar",1991,9999,26,522,0466
0467,akola,MH,akola,1961,9999,05,501,0467
0468,amravati,MH,"amravati,amrawati",1961,9999,07,503,0468
0469,aurangabad,MH,"aurangabad,aurangabadmaharashtra",1961,9999,19,515,0469
0470,beed,MH,beed,2011,9999,27,523,0470
0471,bhandara,MH,"bandara,bhandara",1961,9999,10,506,0471
0472,buldhana,MH,"buldana,buldhana",1961,9999,04,500,0472
0473,chandrapur,MH,"chanda,chandrapur",1961,9999,13,509,0473
0474,dhule,MH,"dhule,dhulia",1991,9999,02,498,0474
0475,gadchiroli,MH,gadchiroli,1991,9999,12,508,0475
0476,gondia,MH,gondia,2011,9999,11,507,0476
0477,hingoli,MH,hingoli,2001,9999,16,512,0477
0478,jalgaon,MH,jalgaon,1951,9999,03,499,0478
0479,jalna,MH,jalna,1991,9999,18,514,0479
0480,kolhapur,MH,kolhapur,1951,9999,34,530,0480
0481,latur,MH,latur,1991,9999,28,524,0481
0482,mumbai,MH,mumbai,2001,9999,23,519,0482
0483,mumbaisuburban,MH,"grmumbai,mumbaisuburban,submumbai",2001,9999,22,518,0483
0484,nagpur,MH,nagpur,1961,9999,09,505,0484
0485,nanded,MH,nanded,1961,9999,15,511,0485
0486,nandurbar,MH,nandurbar,2001,9999,01,497,0486
0487,nashik,MH,nashik,2001,9999,20,516,0487
0488,osmanabad,MH,osmanabad,1961,9999,29,525,0488
0489,parbhani,MH,parbhani,1961,9999,17,513,0489
0490,pune,MH,"poona,pune",1991,9999,25,521,0490
0491,raigad,MH,raigad,2011,9999,24,520,0491
0492,ratnagiri,MH,ratnagiri,1951,9999,32,528,0492
0493,sangli,MH,"sangali,sangli",1951,9999,35,531,0493
0494,satara,MH,satara,1961,9999,31,527,0494
0495,sindhudurg,MH,"kudal,orasbudruk,sindhudurg",1991,9999,33,529,0495
0496,solapur,MH,"sholapur,solapur",1991,9999,30,526,0496
0497,thane,MH,"thana,thane",1991,9999,21,517,0497
0498,wardha,MH,wardha,1961,9999,08,504,0498
0499,washim,MH,washim,2001,9999,06,502,0499
0500,yavatmal,MH,"yavatmal,yeotmal",1991,9999,14,510,0500
0501,adilabad,TG,adilabad,1951,9999,01,532,0501
0502,ananthapuramu,AP,ananthapuramu,2011,9999,22,553,0502
0503,chittoor,AP,chittoor,1961,9999,23,554,0503
0504,ysr,AP,"cuddapah,kadapa,ysr,ysrkadapa",2001,9999,20,551,0504
0505,eastgodavari,AP,"eastgodavari,kakinada",1961,9999,14,545,0505
0506,guntur,AP,guntur,1961,9999,17,548,0506
0507,hyderabad,TG,hyderabad,1951,9999,05,536,0507
0508,karimnagar,TG,karimnagar,1951,9999,03,534,0508
0509,khammam,TG,khammam,2011,9999,10,541,0509
0510,krishna,AP,"krishna,machilipatnam",1961,9999,16,547,0510
0511,kurnool,AP,kurnool,1961,9999,21,552,0511
0512,mahabubnagar,TG,mahabubnagar,2011,9999,07,538,0512
0513,medak,TG,medak,1951,9999,04,535,0513
0514,nalgonda,TG,nalgonda,1951,9999,08,539,0514
0515,sripottisriramulunellore,AP,sripottisriramulunellore,2011,9999,19,550,0515
0516,nizamabad,TG,nizamabad,1951,9999,02,533,0516
0517,prakasam,AP,"chirala,ongole,ongoleprakasam,prakasam",1981,9999,18,549,0517
0518,rangareddy,TG,rangareddy,2011,9999,06,537,0518
0519,srikakulam,AP,srikakulam,1961,9999,11,542,0519
0520,visakhapatnam,AP,"visakhapatnam,vishakhapatnam",1961,9999,13,544,0520
0521,vizianagaram,AP,vizianagaram,1981,9999,12,543,0521
0522,warangal,TG,warangal,1951,9999,09,540,0522
0523,westgodavari,AP,"eluru,unagatla,westgodavari",1961,9999,15,546,0523
0524,bagalkote,KA,bagalkote,2011,9999,02,556,0524
0525,bengaluruurban,KA,bengaluruurban,2011,9999,20,572,0525
0526,bengalururural,KA,bengalururural,2011,9999,21,583,0526
0527,belagavi,KA,belagavi,2011,9999,01,555,0527
0528,ballari,KA,ballari,2011,9999,12,565,0528
0529,bidar,KA,bidar,1961,9999,05,558,0529
0530,vijayapura,KA,vijayapura,2011,9999,03,557,0530
0531,chamarajanagara,KA,chamarajanagara,2011,9999,27,578,0531
0532,chikkamagaluru,KA,chikkamagaluru,2011,9999,17,570,0532
0533,chitradurga,KA,"chitraduraga,chitradurga",1961,9999,13,566,0533
0534,dakshinakannada,KA,"dakshinakannada,mangalore",2001,9999,24,575,0534
0535,davangere,KA,davangere,2011,9999,14,567,0535
0536,dharwad,KA,"dharwad,dharwar",1991,9999,09,562,0536
0537,gadag,KA,gadag,2001,9999,08,561,0537
0538,kalaburagi,KA,kalaburagi,2011,9999,04,579,0538
0539,hassan,KA,hassan,1951,9999,23,574,0539
0540,haveri,KA,haveri,2001,9999,11,564,0540
0541,kodagu,KA,"coorg,kodagu,madikeri",1981,9999,25,576,0541
0542,kolar,KA,kolar,1951,9999,19,581,0542
0543,koppal,KA,koppal,2001,9999,07,560,0543
0544,mandya,KA,mandya,1951,9999,22,573,0544
0545,mysuru,KA,mysuru,2011,9999,26,577,0545
0546,raichur,KA,raichur,1961,9999,06,559,0546
0547,shivamogga,KA,shivamogga,2011,9999,15,568,0547
0548,tumakuru,KA,tumakuru,2011,9999,18,571,0548
0549,udupi,KA,udupi,2001,9999,16,569,0549
0550,uttarakannada,KA,"karwar,uttarakannada",2001,9999,10,563,0550
0551,northgoa,GA,northgoa,1991,9999,01,585,0551
0552,southgoa,GA,southgoa,1991,9999,02,586,0552
0553,lakshadweepdistrict,LD,lakshadweepdistrict,2011,9999,01,587,0553
0554,alappuzha,KL,alappuzha,2001,9999,11,598,0554
0555,ernakulam,KL,"ernakulam,ernakulamkottayam,kakkanad,kochi",1961,9999,08,595,0555
0556,idukki,KL,"idukki,idukkipainavu,idukkits",1981,9999,09,596,0556
0557,kannur,KL,"cannanore,kannur",1991,9999,02,589,0557
0558,kasaragod,KL,kasaragod,1991,9999,01,588,0558
0559,kollam,KL,kollam,1991,9999,13,600,0559
0560,kottayam,KL,"idikki,kottayam",1951,9999,10,597,0560
0561,kozhikode,KL,kozhikode,1961,9999,04,591,0561
0562,malappuram,KL,"malappuram,mallapuram",1971,9999,05,592,0562
0563,palakkad,KL,palakkad,2001,9999,06,593,0563
0564,pathanamthitta,KL,"pathanamthitta,patthanamthitta",2001,9999,12,599,0564
0565,thiruvananthapuram,KL,"thiruvananthapuram,thiruvandrum,trivandrum",1991,9999,14,601,0565
0566,thrissur,KL,thrissur,2001,9999,07,594,0566
0567,wayanad,KL,"kalpetta,wayanad",1981,9999,03,590,0567
0568,chennai,TN,chennai,2001,9999,02,603,0568
0569,coimbatore,TN,"coimbaotre,coimbatore,cojmbatore,erode",1951,9999,12,632,0569
0570,cuddalore,TN,"cuddalore,villupuram",2001,9999,18,617,0570
0571,dharmapuri,TN,dharmapuri,1971,9999,05,630,0571
0572,dindigul,TN,dindigul,2001,9999,13,612,0572
0573,erode,TN,erode,2001,9999,10,610,0573
0574,kanchipuram,TN,kanchipuram,2011,9999,03,604,0574
0575,kanniyakumari,TN,"kanniyakumari,nagarcoil,nagercoil",2001,9999,30,629,0575
0576,karur,TN,karur,2001,9999,14,613,0576
0577,krishnagiri,TN,krishnagiri,2001,9999,05,631,0577
0578,madurai,TN,"dindigul,madurai,madural",1951,9999,24,623,0578
0579,nagapattinam,TN,"nagapattinam,nagappattinam",2001,9999,19,618,0579
0580,namakkal,TN,namakkal,2001,9999,09,609,0580
0581,perambalur,TN,perambalur,2001,9999,16,615,0581
0582,pudukkottai,TN,"pudukkottai,pudukottai",1981,9999,22,621,0582
0583,ramanathapuram,TN,"ramanadhapuram,ramanathapuram,sivaganga,virudunagar",1951,9999,27,626,0583
0584,salem,TN,"salam,salem",1951,9999,08,608,0584
0585,sivaganga,TN,"sivaganga,sivagangai",2001,9999,23,622,0585
0586,thanjavur,TN,thanjavur,1961,9999,21,620,0586
0587,thenilgiris,TN,"thenilgiris,uthagamandalam",2001,9999,11,611,0587
0588,theni,TN,theni,2001,9999,25,624,0588
0589,thiruvallur,TN,"thiruvallur,tiruvallur",2001,9999,01,602,0589
0590,thiruvarur,TN,"thiruvarur,tiruvarur",2001,9999,20,619,0590
0591,tiruchirappalli,TN,tiruchirappalli,2011,9999,15,614,0591
0592,tirunelveli,TN,"palayankottai,t,tirunelveli,tirunelvelikattabo",1951,9999,29,628,0592
0593,tiruvannamalai,TN,"tiruvannamalai,tvmalai",2001,9999,06,606,0593
0594,tuticorin,TN,tuticorin,2011,9999,28,627,0594
0595,vellore,TN,vellore,2001,9999,04,605,0595
0596,villupuram,TN,villupuram,2011,9999,07,607,0596
0597,virudhunagar,TN,"virudhunagar,virudunagar",2001,9999,26,625,0597
0598,karaikal,PY,karaikal,1951,9999,04,637,0598
0599,mahe,PY,mahe,1951,9999,03,636,0599
0600,pondicherry,PY,"pondicherry,puducherry",1951,9999,02,635,0600
0601,yanam,PY,yanam,1951,9999,01,634,0601
0602,southandamans,AN,southandamans,2011,9999,01,640,0602
0603,nicobars,AN,nicobars,2001,9999,02,638,0603
0604,nuh,HR,nuh,2011,9999,,87,0604
0605,barnala,PB,barnala,1951,9999,,54,0605
0606,khunti,JH,khunti,2001,9999,14,365,0606
0607,ramgarh,JH,ramgarh,2001,9999,04,361,0607
0608,sasnagar,PB,sasnagar,2011,9999,,52,0608
0609,tarntaran,PB,tarntaran,2011,9999,,50,0609
0610,ariyalur,TN,ariyalur,2001,9999,17,616,0610
0611,arwal,BR,arwal,2001,9999,33,240,0611
0612,chirang,AS,chirang,2001,9999,,320,0612
0613,peren,NL,peren,2001,9999,07,271,0613
0614,kiphire,NL,kiphire,2001,9999,02,269,0614
0615,longleng,NL,longleng,2001,9999,02,268,0615
0616,baksa,AS,baksa,2001,9999,,324,0616
0617,udalguri,AS,udalguri,2001,9999,,326,0617
0618,kamrupmetro,AS,kamrupmetro,2011,9999,,322,0618
0619,palwal,HR,palwal,2011,9999,,89,0619
0620,kishtwar,JK,kishtwar,2011,9999,09,18,0620
0621,ramban,JK,ramban,2011,9999,09,17,0621
0622,kulgam,JK,kulgam,2011,9999,,15,0622
0623,bandipora,JK,bandipora,2011,9999,,09,0623
0624,samba,JK,samba,2011,9999,,22,0624
0625,shopian,JK,shopian,2011,9999,,13,0625
0626,ganderbal,JK,ganderbal,2011,9999,,11,0626
0627,reasi,JK,reasi,2011,9999,,20,0627
0628,anjaw,AR,anjaw,2001,9999,,260,0628
0629,pratapgarh,RJ,"pratapgarh,pratapgarhrajasthan",2011,9999,,131,0629
0630,chikkaballapura,KA,chikkaballapura,2001,9999,19,582,0630
0631,ramanagara,KA,"ramanagara,ramanagaram",2001,9999,21,584,0631
0632,northandmiddleandaman,AN,northandmiddleandaman,2011,9999,,639,0632
0633,kasganj,UP,kasganj,2011,9999,,202,0633
0634,tiruppur,TN,tiruppur,2001,9999,,633,0634
0635,yadgir,KA,yadgir,2001,9999,04,580,0635
0636,bijapur,CT,"bijapur,bijapurchhattisgarh",2001,9999,16,417,0636
0637,narayanpur,CT,narayanpur,2001,9999,,415,0637
0638,singrauli,MP,singrauli,2001,9999,,463,0638
0639,alirajpur,MP,alirajpur,2001,9999,24,465,0639
0640,amethi,UP,amethi,2011,9999,,,0640
0641,tapi,GJ,tapi,2001,9999,,493,0641
0642,sukma,CT,sukma,2011,9999,,,0642
0643,kondagaon,CT,kondagaon,2011,9999,,,0643
0644,balodabazarbhatapara,CT,balodabazarbhatapara,2011,9999,,,0644
0645,gariyaband,CT,gariyaband,2011,9999,,,0645
0646,balod,CT,balod,2011,9999,,,0646
0647,mungeli,CT,mungeli,2011,9999,,,0647
0648,surajpur,CT,surajpur,2011,9999,,,0648
0649,balrampurramanujganj,CT,balrampurramanujganj,2011,9999,,,0649
0650,bemetara,CT,bemetara,2011,9999,,,0650
0651,fazilka,PB,fazilka,2011,9999,,,0651
0652,khowai,TR,khowai,2011,9999,,,0652
0653,sepahijala,TR,sepahijala,2011,9999,,,0653
0654,gomati,TR,gomati,2011,9999,,,0654
0655,unakoti,TR,unakoti,2011,9999,,,0655
0656,northgarohills,ML,northgarohills,2011,9999,,,0656
0657,eastjaintiahills,ML,eastjaintiahills,2011,9999,,,0657
0658,southwestkhasihills,ML,southwestkhasihills,2011,9999,,,0658
0659,sambhal,UP,sambhal,2011,9999,,,0659
0660,shamli,UP,shamli,2011,9999,,,0660
0661,hapur,UP,hapur,2011,9999,,,0661
0662,pathankot,PB,pathankot,2011,9999,,,0662
0663,southwestgarohills,ML,southwestgarohills,2011,9999,,,0663
0664,alipurduar,WB,alipurduar,2011,9999,,,0664
0665,palghar,MH,palghar,2011,9999,,,0665
0666,longding,AR,longding,2011,9999,,,0666
0667,agarmalwa,MP,agarmalwa,2011,9999,,,0667
0668,chhotaudepur,GJ,chhotaudepur,2011,9999,,,0668
0669,mahisagar,GJ,mahisagar,2011,9999,,,0669
0670,southeast,DL,southeast,2011,9999,,,0670
0671,shahdara,DL,shahdara,2011,9999,,,0671
0672,arvalli,GJ,arvalli,2011,9999,,,0672
0673,morbi,GJ,morbi,2011,9999,,,0673
0674,devbhumidwarka,GJ,devbhumidwarka,2011,9999,,,0674
0675,girsomnath,GJ,girsomnath,2011,9999,,,0675
0676,botad,GJ,botad,2011,9999,,,0676
0677,kradaadi,AR,kradaadi,2011,9999,,,0677
0678,namsai,AR,namsai,2011,9999,,,0678
0679,siang,AR,siang,1961,9999,,,0679
0680,nirmal,TG,nirmal,2011,9999,,,0680
0681,jagitial,TG,jagitial,2011,9999,,,0681
0682,peddapalli,TG,peddapalli,2011,9999,,,0682
0683,rajannasircilla,TG,rajannasircilla,2011,9999,,,0683
0684,mancherial,TG,mancherial,2011,9999,,,0684
0685,kamareddy,TG,kamareddy,2011,9999,,,0685
0686,hanumakonda,TG,hanumakonda,2011,9999,,,0686
0687,jayashankarbhupalapally,TG,jayashankarbhupalapally,2011,9999,,,0687
0688,mahabubabad,TG,mahabubabad,2011,9999,,,0688
0689,jangoan,TG,jangoan,2011,9999,,,0689
0690,bhadradrikothagudem,TG,bhadradrikothagudem,2011,9999,,,0690
0691,sangareddy,TG,sangareddy,2011,9999,,,0691
0692,siddipet,TG,siddipet,2011,9999,,,0692
0693,wanaparthy,TG,wanaparthy,2011,9999,,,0693
0694,nagarkurnool,TG,nagarkurnool,2011,9999,,,0694
0695,jogulambagadwal,TG,jogulambagadwal,2011,9999,,,0695
0696,suryapet,TG,suryapet,2011,9999,,,0696
0697,yadadribhuvanagiri,TG,yadadribhuvanagiri,2011,9999,,,0697
0698,vikarabad,TG,vikarabad,2011,9999,,,0698
0699,kumurambheemasifabad,TG,kumurambheemasifabad,2011,9999,,,0699
0700,medchalmalkajgiri,TG,medchalmalkajgiri,2011,9999,,,0700
0701,charkidadri,HR,charkidadri,2011,9999,,,0701
0702,kalimpong,WB,kalimpong,2011,9999,,,0702
0703,jhargram,WB,jhargram,2011,9999,,,0703
0704,paschimbardhaman,WB,paschimbardhaman,2011,9999,,,0704
0705,biswanath,AS,biswanath,2011,9999,,,0705
0706,majuli,AS,majuli,2011,9999,,,0706
0707,southsalmaramancachar,AS,southsalmaramancachar,2011,9999,,,0707
0708,charaideo,AS,charaideo,2011,9999,,,0708
0709,hojai,AS,hojai,2011,9999,,,0709
0710,westkarbianglong,AS,westkarbianglong,2011,9999,,,0710
0711,kakching,MN,kakching,2011,9999,,,0711
0712,kangpokpi,MN,kangpokpi,2011,9999,,,0712
0713,jiribam,MN,jiribam,2011,9999,,,0713
0714,noney,MN,noney,2011,9999,,,0714
0715,pherzawl,MN,pherzawl,2011,9999,,,0715
0716,tengnoupal,MN,"chandel,tengnoupal",1981,9999,,,0716
0717,kamjong,MN,kamjong,2011,9999,,,0717
0718,kamle,AR,kamle,2011,9999,,,0718
0719,lowersiang,AR,lowersiang,2011,9999,,,0719
0720,mulugu,TG,mulugu,2011,9999,,,0720
0721,narayanpet,TG,narayanpet,2011,9999,,,0721
0722,niwari,MP,niwari,2011,9999,,,0722
0723,pakkekessang,AR,pakkekessang,2011,9999,,,0723
0724,leparada,AR,leparada,2011,9999,,,0724
0725,shiyomi,AR,shiyomi,2011,9999,,,0725
0726,hnahthial,MZ,hnahthial,2011,9999,,,0726
0727,saitual,MZ,saitual,2011,9999,,,0727
0728,khawzawl,MZ,khawzawl,2011,9999,,,0728
0729,kallakurichi,TN,kallakurichi,2011,9999,,,0729
0730,chengalpattu,TN,chengalpattu,2011,9999,,,0730
0731,ranipet,TN,ranipet,2011,9999,,,0731
0732,tirupathur,TN,tirupathur,2011,9999,,,0732
0733,tenkasi,TN,tenkasi,2011,9999,,,0733
0734,gaurelapendramarwahi,CT,gaurelapendramarwahi,2011,9999,,,0734
0735,mayiladuthurai,TN,mayiladuthurai,2011,9999,,,0735
0736,noklak,NL,noklak,2011,9999,,,0736
0737,malerkotla,PB,malerkotla,2011,9999,,,0737
0738,vijayanagar,KA,vijayanagar,2011,9999,,,0738
0739,bajali,AS,bajali,2011,9999,,,0739
0740,easternwestkhasihills,ML,easternwestkhasihills,2011,9999,,,0740
0741,pakyong,SK,pakyong,2011,9999,,,0741
0742,soreng,SK,soreng,2011,9999,,,0742
0743,parvathipurammanyam,AP,parvathipurammanyam,2011,9999,,,0743
0744,anakapalli,AP,anakapalli,2011,9999,,,0744
0745,allurisitharamaraju,AP,allurisitharamaraju,2011,9999,,,0745
0746,kakinada,AP,kakinada,2011,9999,,,0746
0747,drbrambedkarkonaseema,AP,drbrambedkarkonaseema,2011,9999,,,0747
0748,eluru,AP,eluru,2011,9999,,,0748
0749,ntr,AP,ntr,2011,9999,,,0749
0750,bapatla,AP,bapatla,2011,9999,,,0750
0751,palnadu,AP,palnadu,2011,9999,,,0751
0752,tirupati,AP,tirupati,2011,9999,,,0752
0753,annamayya,AP,annamayya,2011,9999,,,0753
0754,srisathyasai,AP,srisathyasai,2011,9999,,,0754
0755,nandyal,AP,nandyal,2011,9999,,,0755
0756,tamulpur,AS,tamulpur,2011,9999,,,0756
0757,tseminyu,NL,tseminyu,2011,9999,,,0757
0758,chumoukedima,NL,chumoukedima,2011,9999,,,0758
0759,khairagarhchhuikhadangandai,CT,khairagarhchhuikhadangandai,2011,9999,,,0759
0760,manendragarhchirmiribharatpurmcb,CT,manendragarhchirmiribharatpurmcb,2011,9999,,,0760
0761,mohlamanpurambagarhchouki,CT,mohlamanpurambagarhchouki,2011,9999,,,0761
0762,sakti,CT,sakti,2011,9999,,,0762
0763,sarangarhbilaigarh,CT,sarangarhbilaigarh,2011,9999,,,0763
0764,niuland,NL,niuland,2011,9999,,,0764
0765,shamator,NL,shamator,2011,9999,,,0765
0766,mauganj,MP,mauganj,2011,9999,,,0766
0767,deeg,RJ,deeg,2011,9999,,,0767
0768,didwanakuchaman,RJ,didwanakuchaman,2011,9999,,,0768
0769,dudu,RJ,dudu,2011,9999,,,0769
0770,khairthaltijara,RJ,khairthaltijara,2011,9999,,,0770
0771,gangapurcity,RJ,gangapurcity,2011,9999,,,0771
0772,phalodi,RJ,phalodi,2011,9999,,,0772
0773,neemkathana,RJ,neemkathana,2011,9999,,,0773
0774,beawar,RJ,beawar,2011,9999,,,0774
0775,balotra,RJ,balotra,2011,9999,,,0775
0776,anoopgarh,RJ,anoopgarh,2011,9999,,,0776
0777,salumbar,RJ,salumbar,2011,9999,,,0777
0778,jodhpurgramin,RJ,jodhpurgramin,2011,9999,,,0778
0779,sanchor,RJ,sanchor,2011,9999,,,0779
0780,shahpura,RJ,shahpura,2011,9999,,,0780
0781,kekri,RJ,kekri,2011,9999,,,0781
0782,kotputlibehror,RJ,kotputlibehror,2011,9999,,,0782
0783,jaipurgramin,RJ,jaipurgramin,2011,9999,,,0783
99900001,andaman,AN,"andaman,andamannicobarislands,andamans",1981,1991,,,
99900002,andamannicobarislands,AN,andamannicobarislands,1951,1971,,,
99900003,andamans,AN,"andamans,portblair,southandaman",2001,2001,,,
99900004,nicobar,AN,"nicobar,nicobars",1981,1991,,,
99900005,northmiddleandaman,AN,northmiddleandaman,2001,2011,,,
99900006,southandaman,AN,"southandaman,southandamans",2011,2011,,,
99900007,adilabad,AP,adilabad,1961,2011,,,
99900008,anantapur,AP,anantapur,1961,2011,,,
99900009,cuddapah,AP,cuddapah,1961,1991,,,
99900010,hyderabad,AP,hyderabad,1961,2011,,,
99900011,karimnagar,AP,"karimnagar,manthani",1961,2011,,,
99900012,khammam,AP,khammam,1961,2011,,,
99900013,mahbubnagar,AP,"mahabubnagar,mahbubnagar",1961,2011,,,
99900014,medak,AP,"medak,sangareaddy,sangareddy",1961,2011,,,
99900015,nalgonda,AP,"bhongir,nalgonda",1961,2011,,,
99900016,nellore,AP,"nellohe,nellore,sripottisriramulunell,sripottisriramulunellore",1961,2011,,,
99900017,nizamabad,AP,nizamabad,1961,2011,,,
99900018,ongole,AP,"ongole,ongoleprakasam",1971,1971,,,
99900019,rangareddi,AP,rangareddi,1981,1991,,,
99900020,rangareddy,AP,rangareddy,2001,2011,,,
99900021,warangal,AP,warangal,1961,2011,,,
99900022,aborhills,AR,"aborhills,siang",1951,1951,,,
99900023,baliparafrontiertract,AR,"baliparafrontiertract,kameng",1951,1951,,,
99900024,kameng,AR,kameng,1961,1971,,,
99900025,mishmihills,AR,"lohit,mishmihills",1951,1951,,,
99900026,subansiri,AR,subansiri,1961,1971,,,
99900027,tirapfrontiertract,AR,"tirap,tirapfrontiertract",1951,1951,,,
99900028,dhuburi,AS,"dhubri,dhuburi",1991,1991,,,
99900029,garohills,AS,"garohills,meghalayagarohills",1951,1961,,,
99900030,kamrupmetropolitan,AS,kamrupmetropolitan,2001,2011,,,
99900031,lushaihills,AS,"looshaihills,lushaihills",1951,1951,,,
99900032,mikirhills,AS,"mikirhills,unitedmikirandnorthcacharhill,unitedmikirnorthcachar,unitedmikirnorthcacharhills",1971,1971,,,
99900033,mizohills,AS,mizohills,1961,1961,,,
99900034,morigaon,AS,"marigaon,morigaon",2001,2011,,,
99900035,northcacharhills,AS,"northcacharhills,unitedmikirandnorthcacharhill,unitedmikirnorthcachar,unitedmikirnorthcacharhills",1971,1991,,,
99900036,nowgong,AS,"nagaon,nowgong",1951,1981,,,
99900037,sibsagar,AS,sibsagar,1951,1991,,,
99900038,unitedkhasijaintiahills,AS,unitedkhasijaintiahills,1951,1961,,,
99900039,unitedmikirnorthcacharhills,AS,"unitedmikirandnorthcacharhill,unitedmikirnorthcachar,unitedmikirnorthcacharhills",1951,1961,,,
99900040,champaran,BR,champaran,1951,1971,,,
99900041,deoghar,BR,deoghar,1991,1991,,,
99900042,dhanbad,BR,dhanbad,1951,1991,,,
99900043,dumka,BR,dumka,1991,1991,,,
99900044,giridih,BR,giridih,1981,1991,,,
99900045,godda,BR,godda,1991,1991,,,
99900046,gumla,BR,gumla,1991,1991,,,
99900047,hazaribag,BR,"hazaribag,hazaribagh",1951,1991,,,
99900048,kaimur,BR,"kaimur,kaimurbhabua",2001,2011,,,
99900049,lohardaga,BR,"lohardaga,lohardarga",1991,1991,,,
99900050,lohardarga,BR,lohardarga,1981,1981,,,
99900051,monghyr,BR,"monghyar,monghyr,munger",1951,1971,,,
99900052,palamau,BR,palamau,1951,1971,,,
99900053,palamu,BR,"daltonganj,palamau,palamu",1981,1991,,,
99900054,pashchimisinghbhum,BR,"chaibasa,jamshedpur,pashchimisinghbhum",1991,1991,,,
99900055,purbachamparan,BR,"motihari,purbachamparan,purbichamparan",1981,2011,,,
99900056,purbisinghbhum,BR,purbisinghbhum,1991,1991,,,
99900057,purnea,BR,"purnea,purnia",1951,1971,,,
99900058,purulia,BR,purulia,1951,1951,,,
99900059,ranchi,BR,ranchi,1951,1991,,,
99900060,sahibganj,BR,sahibganj,1991,1991,,,
99900061,santalparganas,BR,"santalparganas,santhalparganas",1971,1991,,,
99900062,santhalpargana,BR,"santalparganas,santhalpargana,santhalparganas",1981,1981,,,
99900063,santhalparganas,BR,"santalparganas,santhalparganas",1951,1961,,,
99900064,shahabad,BR,shahabad,1951,1971,,,
99900065,singhbhum,BR,"purbisinghbhum,singhbhum",1951,1981,,,
99900066,koriya,CT,"baikunthpur,koria,koriya",2001,2011,,,
99900067,dadranagarhaveli,DH,"dadranagarhaveli,silvassa",1951,2011,,,
99900068,centraldelhi,DL,"central,centraldelhi,daryaganj",2001,2011,,,
99900069,delhi,DL,"delhi,newdelhi,tishazaridelhi",1951,1991,,,
99900070,eastdelhi,DL,"east,eastdelhi,geetacolony",2001,2011,,,
99900071,northdelhi,DL,"kripanarainmarg,north,northdelhi",2001,2011,,,
99900072,northeastdelhi,DL,"nandnagri,northeast,northeastdelhi",2001,2011,,,
99900073,northwestdelhi,DL,"kanjhawala,northwest,northwestdelhi",2001,2011,,,
99900074,southdelhi,DL,"saket,south,southdelhi",2001,2011,,,
99900075,southwestdelhi,DL,"kapashera,southwest,southwestdelhi",2001,2011,,,
99900076,westdelhi,DL,"rampura,west,westdelhi",2001,2011,,,
99900077,daman,GA,daman,1951,1981,,,
99900078,diu,GA,diu,1951,1981,,,
99900079,goa,GA,"goa,goadamandiu,northgoa",1951,1981,,,
99900080,ahmedabad,GJ,"ahmadabad,ahmedabad",1961,2011,,,
99900081,baroda,GJ,"baroda,vadodara,vadodarabaroda",1961,1971,,,
99900082,broach,GJ,"bharuch,bharuchbroach,broach",1961,1971,,,
99900083,centralsaurashtra,GJ,"centralsaurashtra,madhyasaurashtra",1951,1951,,,
99900084,dangs,GJ,dangs,1961,1961,,,
99900085,gohilwad,GJ,gohilwad,1951,1951,,,
99900086,halar,GJ,halar,1951,1951,,,
99900087,junagarh,GJ,"junagadh,junagarh",1981,1991,,,
99900088,kaira,GJ,"kaira,kheda",1961,1961,,,
99900089,kutch,GJ,kutch,1951,1971,,,
99900090,mehsana,GJ,"mahesana,mehsana",1961,1991,,,
99900091,sorath,GJ,sorath,1951,1951,,,
99900092,thedangs,GJ,"ahwa,dangs,thedangs,thedangsdangs",1971,2011,,,
99900093,zalawad,GJ,zalawad,1951,1951,,,
99900094,kulu,HP,"kullu,kulu",1971,1991,,,
99900095,lahulspiti,HP,"lahaulspiti,lahulspiti",1971,2011,,,
99900096,mahasu,HP,mahasu,1951,1971,,,
99900097,simla,HP,simla,1971,1971,,,
99900098,sirmoor,HP,"sirmoor,sirmur",1951,1951,,,
99900099,sirmur,HP,sirmur,1961,1961,,,
99900100,gurgaon,HR,gurgaon,1971,2011,,,
99900101,mewat,HR,mewat,2011,2011,,,
99900102,kodarma,JH,"kodarma,koderma",2001,2011,,,
99900103,pashchimisinghbhum,JH,"pashchimisinghbhum,westsinghbhum",2001,2011,,,
99900104,purbisinghbhum,JH,"eastsinghbhum,purbisinghbhum",2001,2011,,,
99900105,sahibganj,JH,"sahebganj,sahibganj",2001,2011,,,
99900106,badgam,JK,"badgam,budgam",1981,2011,,,
99900107,bandipore,JK,bandipore,2011,2011,,,
99900108,baramula,JK,"baramula,baramulla",1971,2011,,,
99900109,jammukashmir,JK,jammukashmir,1951,1951,,,
99900110,kargil,JK,kargil,1981,2011,,,
99900111,ladakh,JK,"ladakh,lehladakh",1961,1991,,,
99900112,leh,JK,lehladakh,2001,2011,,,
99900113,punch,JK,"poonch,punch",1971,2011,,,
99900114,rajauri,JK,rajauri,1971,1991,,,
99900115,shupiyan,JK,shupiyan,2011,2011,,,
99900116,bagalkot,KA,bagalkot,2001,2011,,,
99900117,bangalore,KA,"bangalore,bangaloreu",1951,2011,,,
99900118,bangalorerural,KA,"bangalorer,bangalorerural",1991,2011,,,
99900119,belgaum,KA,"belgaon,belgaum",1961,2011,,,
99900120,bellary,KA,bellary,1961,2011,,,
99900121,bijapur,KA,"bijapur,bijapurkarnataka",1961,2011,,,
99900122,chamarajanagar,KA,chamarajanagar,2001,2011,,,
99900123,chikmagalur,KA,"chickmagalur,chikmagalur",1951,2011,,,
99900124,chitaldurga,KA,chitaldurga,1951,1951,,,
99900125,coorg,KA,"coorg,goorgordodagu",1951,1971,,,
99900126,dakshinkannada,KA,"dakshinakannada,dakshinkannad,dakshinkannada,mangalore,southkanara",1981,1991,,,
99900127,davanagere,KA,davanagere,2001,2011,,,
99900128,dharwar,KA,"dharwad,dharwar",1961,1981,,,
99900129,gulbarga,KA,gulbarga,1961,2011,,,
99900130,mysore,KA,mysore,1951,2011,,,
99900131,northkanara,KA,northkanara,1961,1971,,,
99900132,shimoga,KA,"moga,shimoga",1951,2011,,,
99900133,southkanara,KA,southkanara,1961,1971,,,
99900134,tumkur,KA,tumkur,1951,2011,,,
99900135,uttarkannada,KA,"karwar,northkanara,northkannada,uttarakannada,uttarkannad,uttarkannada",1981,1991,,,
99900136,alleppey,KL,"alappuzha,alleppey",1961,1991,,,
99900137,cannanore,KL,"cannanore,cannanorekozhikode,kannur,kasaragod",1961,1981,,,
99900138,palghat,KL,"palakkad,palghat",1961,1991,,,
99900139,patthanamthitta,KL,"pathanamthitta,patthanamthitta",1991,1991,,,
99900140,quilon,KL,"kollam,quilon",1951,1981,,,
99900141,trichur,KL,"richur,thrissur,trichur",1951,1991,,,
99900142,trivandrum,KL,"thiruvananthapuram,trivandrum",1951,1981,,,
99900143,laccadive,LD,"laccadive,laccadiveminicoyamindiv,laccadiveminicoyamindiviislands",1951,1971,,,
99900144,lakshadweep,LD,"laccadive,laccadiveminicoyamindiv,laccadiveminicoyamindiviislands,lakshadweep",1981,2011,,,
99900145,ahmadnagar,MH,"ahmadnagar,ahmednagar",1951,1981,,,
99900146,ahmedabad,MH,ahmedabad,1951,1951,,,
99900147,amreli,MH,amreli,1951,1951,,,
99900148,banaskantha,MH,banaskantha,1951,1951,,,
99900149,baroda,MH,baroda,1951,1951,,,
99900150,belgaum,MH,"belgaon,belgaum",1951,1951,,,
99900151,bhir,MH,"bhir,bid",1961,1981,,,
99900152,bid,MH,"beed,bhir,bid",1991,2011,,,
99900153,bijapur,MH,"bijapur,bijpura",1951,1951,,,
99900154,broach,MH,broach,1951,1951,,,
99900155,buldana,MH,"buldana,buldhana",1991,2011,,,
99900156,dangs,MH,dangs,1951,1951,,,
99900157,dharwar,MH,"dharwad,dharwar",1951,1951,,,
99900158,dhulia,MH,"dhule,dhulia",1951,1981,,,
99900159,eastkhandesh,MH,eastkhandesh,1951,1951,,,
99900160,gondiya,MH,"gondia,gondiya",2001,2011,,,
99900161,greaterbombay,MH,"grbombay,greaterbombay",1951,1991,,,
99900162,kaira,MH,kaira,1951,1951,,,
99900163,kanara,MH,kanara,1951,1951,,,
99900164,kolaba,MH,kolaba,1951,1971,,,
99900165,mehsana,MH,mehsana,1951,1951,,,
99900166,nasik,MH,"nashik,nasik",1951,1991,,,
99900167,panchmahals,MH,panchmahals,1951,1951,,,
99900168,poona,MH,"poona,pune",1951,1981,,,
99900169,raigarh,MH,"alibag,kolaba,raigad,raigarh,raigarhmaharashtra",1981,2011,,,
99900170,sabarkantha,MH,sabarkantha,1951,1951,,,
99900171,sataranorth,MH,"northsatara,sataranorth",1951,1951,,,
99900172,satarasouth,MH,satarasouth,1951,1951,,,
99900173,sholapur,MH,"sholapur,solapur",1951,1981,,,
99900174,surat,MH,surat,1951,1951,,,
99900175,thana,MH,"thana,thane",1951,1981,,,
99900176,westkhandesh,MH,westkhandesh,1951,1951,,,
99900177,yeotmal,MH,"yavatmal,yeotma,yeotmal",1961,1981,,,
99900178,garohills,ML,"garohills,meghalayagarohills",1971,1971,,,
99900179,jaintiahills,ML,"jaintia,jaintiahills",1981,2011,,,
99900180,unitedkhasijaintiahills,ML,unitedkhasijaintiahills,1971,1971,,,
99900181,imphal,MN,imphal,1991,1991,,,
99900182,manipur,MN,manipur,1951,1961,,,
99900183,manipurcentral,MN,"imphal,manipurcentral",1971,1981,,,
99900184,manipureast,MN,"manipureast,ukhrul",1971,1981,,,
99900185,manipurnorth,MN,"manipurnorth,senapati",1971,1981,,,
99900186,manipursouth,MN,"churachandpur,manipursouth",1971,1981,,,
99900187,manipurwest,MN,"manipurwest,tamenglong",1971,1981,,,
99900188,akola,MP,akola,1951,1951,,,
99900189,amravati,MP,amravati,1951,1951,,,
99900190,bastar,MP,"bastar,jagdalpur",1951,1991,,,
99900191,bhandara,MP,bhandara,1951,1951,,,
99900192,bhilsa,MP,"bhilsa,vidisha",1951,1951,,,
99900193,bilaspur,MP,bilaspur,1951,1991,,,
99900194,buldhana,MP,"buldana,buldhana",1951,1951,,,
99900195,chanda,MP,"chanda,chandrapur",1951,1951,,,
99900196,durg,MP,durg,1951,1991,,,
99900197,gird,MP,gird,1951,1951,,,
99900198,goona,MP,"goona,guna",1951,1951,,,
99900199,hoshangabad,MP,"hosangabad,hoshangabad",1951,2011,,,
99900200,khandwa,MP,"eastnimar,eastnimarkhandwa,khandwa,khandwaeastnimar,khandwapurvinimar,sidh",1971,2011,,,
99900201,nagpur,MP,nagpur,1951,1951,,,
99900202,narsimhapur,MP,"narshinghpur,narshinpur,narsighpur,narsimhapur,narsinghpur",1961,2011,,,
99900203,nimar,MP,"khandwaeastnimar,khargonenimar,nimar",1951,1951,,,
99900204,raigarh,MP,raigarh,1951,1991,,,
99900205,raipur,MP,raipur,1951,1991,,,
99900206,rajnandgaon,MP,rajnandgaon,1981,1991,,,
99900207,surguja,MP,"ambikapur,sarguja,surguja",1951,1991,,,
99900208,vidishabhilsa,MP,"vidisha,vidishabhilsa",1961,1961,,,
99900209,wardha,MP,wardha,1951,1951,,,
99900210,westnimar,MP,"khargone,khargonewestnimar,pashchiminimar,westnimar",1961,1991,,,
99900211,yeotmal,MP,"yeotma,yeotmal",1951,1951,,,
99900212,chhimtuipui,MZ,chhimtuipui,1981,1991,,,
99900213,mizoram,MZ,"mizo,mizohills,mizoram",1971,1971,,,
99900214,saiha,MZ,saiha,2001,2011,,,
99900215,nagahills,NL,"kohima,nagahills",1951,1951,,,
99900216,balasore,OR,balasore,1951,1971,,,
99900217,baudh,OR,"baudh,boudh",2001,2011,,,
99900218,baudhkhondmals,OR,baudhkhondmals,1961,1971,,,
99900219,bolangir,OR,"balangir,bolangir",1951,1991,,,
99900220,debagarh,OR,"deagarh,debagarh,deogarh",2001,2011,,,
99900221,keonjhar,OR,"kendujhar,keonjhar",1951,1991,,,
99900222,nabarangapur,OR,"nabarangapur,nawarangpur",2001,2011,,,
99900223,phulabani,OR,"baudhkhondmals,phulabani,phulbani",1981,1991,,,
99900224,phulbani,OR,phulbani,1951,1951,,,
99900225,subarnapur,OR,"sonepur,subarnapur",2001,2011,,,
99900226,ambala,PB,ambala,1951,1961,,,
99900227,bhatinda,PB,bhatinda,1951,1971,,,
99900228,firozpur,PB,"ferozepur,firojpur,firozpur",1971,2011,,,
99900229,gurgaon,PB,gurgaon,1951,1961,,,
99900230,hissar,PB,hissar,1951,1961,,,
99900231,jullundur,PB,"jalandhar,jullundur",1951,1981,,,
99900232,kangra,PB,"kangara,kangra",1951,1961,,,
99900233,karnal,PB,karnal,1951,1961,,,
99900234,kohistan,PB,kohistan,1951,1951,,,
99900235,lahaulspiti,PB,"lahaulspiti,lahulspiti",1961,1961,,,
99900236,mahendragarh,PB,mahendragarh,1961,1961,,,
99900237,mohindergarh,PB,"mahendragarh,mohindergarh",1951,1951,,,
99900238,muktsar,PB,"mukatsar,muktsar",2001,2011,,,
99900239,rohtak,PB,rohtak,1951,1961,,,
99900240,ropar,PB,ropar,1971,1971,,,
99900241,sahibzadaajitsinghnagar,PB,"sahibzadaajitsinghnagar,sasnagar",2011,2011,,,
99900242,simla,PB,simla,1951,1961,,,
99900243,puducherry,PY,puducherry,2001,2011,,,
99900244,chitorgarh,RJ,"chitaurgarh,chitorgarh,chittaurgarh",1961,1991,,,
99900245,chittaurgarh,RJ,"chitorgarh,chittaurgarh",2001,2011,,,
99900246,dhaulpur,RJ,"dhaulpur,dholpur",1991,2011,,,
99900247,jalor,RJ,"jalor,jalore",1951,2011,,,
99900248,jhunjhunun,RJ,jhunjhunun,2001,2011,,,
99900249,kotah,RJ,"kota,kotah",1951,1951,,,
99900250,eastdistrict,SK,"east,eastdistrict,eastsikkim",1981,1991,,,
99900251,eastsikkim,SK,"east,eastdistrict,eastsikkim,gangtok",2001,2011,,,
99900252,northdistrict,SK,"north,northdistrict,northeastsouthwest,northsikkim",1981,1991,,,
99900253,northsikkim,SK,"mangan,north,northdistrict,northsikkim",2001,2011,,,
99900254,sikkim,SK,"gangtok,sikkim",1951,1971,,,
99900255,southdistrict,SK,"south,southdistrict,southsikkim",1981,1991,,,
99900256,southsikkim,SK,"namchi,south,southdistrict,southsikkim",2001,2011,,,
99900257,westdistrict,SK,"west,westdistrict,westsikkim",1981,1991,,,
99900258,westsikkim,SK,"gyalshing,west,westdistrict,westsikkim",2001,2011,,,
99900259,aurangabad,TG,aurangabad,1951,1951,,,
99900260,bhir,TG,bhir,1951,1951,,,
99900261,bidar,TG,bidar,1951,1951,,,
99900262,gulbarga,TG,gulbarga,1951,1951,,,
99900263,mahbubnagar,TG,mahbubnagar,1951,1951,,,
99900264,nanded,TG,nanded,1951,1951,,,
99900265,osmanabad,TG,osmanabad,1951,1951,,,
99900266,parbhani,TG,parbhani,1951,1951,,,
99900267,raichur,TG,raichur,1951,1951,,,
99900268,anantapur,TN,anantapur,1951,1951,,,
99900269,bellary,TN,bellary,1951,1951,,,
99900270,chidambaranar,TN,"chidambaranagar,chidambaranar",1991,1991,,,
99900271,chingleput,TN,"chengaianna,chengalpattu,chengalpattumgr,chingleput,kanchipuram",1951,1991,,,
99900272,chittoor,TN,chittoor,1951,1951,,,
99900273,cuddapah,TN,cuddapah,1951,1951,,,
99900274,dindigulanna,TN,"dindigulanna,dindigulquidemilleth",1991,1991,,,
99900275,eastgodavari,TN,eastgodavari,1951,1951,,,
99900276,guntur,TN,guntur,1951,1951,,,
99900277,kancheepuram,TN,"kancheepuram,kanchipuram",2001,2011,,,
99900278,kanyakumari,TN,"kanniyakumari,kanyakumari,nagercoil",1961,1991,,,
99900279,krishna,TN,krishna,1951,1951,,,
99900280,kurnool,TN,"anantapurandkurnool,kurnool",1951,1951,,,
99900281,madras,TN,madras,1951,1991,,,
99900282,malabar,TN,malabar,1951,1951,,,
99900283,nellore,TN,"nellohe,nellore",1951,1951,,,
99900284,nilgiri,TN,"nilgiri,nilgiris,udhagamandalam",1961,1991,,,
99900285,nilgiris,TN,"nilgiri,nilgiris",1951,1951,,,
99900286,northarcot,TN,"northarcot,northarcotambedkar,northarcotambedker,vellore",1951,1991,,,
99900287,pasumponmuthuramalingathevar,TN,"pasumponmuthuramalingathevar,pasumponthevarthir,pasumponthevarthirumagan",1991,1991,,,
99900288,periyar,TN,periyar,1981,1991,,,
99900289,southarcot,TN,"cuddalore,cuddolore,southarcot",1951,1991,,,
99900290,southkanara,TN,southkanara,1951,1951,,,
99900291,srikakulam,TN,srikakulam,1951,1951,,,
99900292,tanjore,TN,"tanjore,thanjavur",1951,1951,,,
99900293,thoothukkudi,TN,"thoothukkudi,toothukkudi,tuticorin",2001,2011,,,
99900294,tiruchirapalli,TN,"tiruchchirappalli,tiruchirapalli,tiruchirappalli,tiruchirappallli,trichirappalli",1951,2001,,,
99900295,tirunelvelikattabomman,TN,"t,tirunelveli,tirunelvelikattabo,tirunelvelikattabomman,tuticorin",1991,1991,,,
99900296,tiruvannamalaisambuvarayar,TN,"tiruvannamalai,tiruvannamalaisambu,tiruvannamalaisambuvarayar",1991,1991,,,
99900297,viluppuram,TN,"villupuram,viluppuram",2001,2011,,,
99900298,vizagapatanam,TN,"visakhapatnam,vizagapatanam",1951,1951,,,
99900299,westgodavari,TN,westgodavari,1951,1951,,,
99900300,tripura,TR,tripura,1951,1961,,,
99900301,allahabad,UP,allahabad,1951,2011,,,
99900302,almora,UP,almora,1951,1991,,,
99900303,banares,UP,"banaras,banares,varanasi",1951,1951,,,
99900304,chamoli,UP,"chamoli,chamoligopeshwar",1961,1991,,,
99900305,dehra,UP,"dehr,dehradun",1951,1951,,,
99900306,dehradun,UP,dehradun,1961,1991,,,
99900307,faizabad,UP,"faizabad,fijzabad",1951,2011,,,
99900308,garhwal,UP,"gadhwal,garhwal,gurhwal,pauri",1951,1991,,,
99900309,hardwar,UP,hardwar,1991,1991,,,
99900310,jyotibaphulenagar,UP,"jbfnagar,jyotibaphulenagar",2001,2011,,,
99900311,kanpur,UP,"kanpur,kanpurdehat",1951,1981,,,
99900312,kanshiramnagar,UP,kanshiramnagar,2001,2011,,,
99900313,mahamayanagar,UP,"hathras,mahamayanagar",2001,2011,,,
99900314,mahrajganj,UP,mahrajganj,2001,2001,,,
99900315,nainital,UP,nainital,1951,1991,,,
99900316,pithoragarh,UP,"pithauragarh,pithoragarh",1961,1991,,,
99900317,santkabirnagar,UP,"khalilabad,santkabirnagar,sknagar",2001,2011,,,
99900318,santravidasnagar,UP,"bhadohi,santravidasnagar,santravidasnagarbhadohi",2001,2011,,,
99900319,shrawasti,UP,"bhinga,shravasti,shrawasti",2001,2011,,,
99900320,sidhharthnagar,UP,sidhharthnagar,1991,1991,,,
99900321,tehrigarhwal,UP,"newtehri,tehrigarhwal",1951,1991,,,
99900322,uttarkashi,UP,"utarkashi,uttarkashi",1961,1991,,,
99900323,garhwal,UT,"garhwal,pauri",2001,2011,,,
99900324,hardwar,UT,"hardwar,haridwar",2001,2011,,,
99900325,udhamsinghnagar,UT,udhamsinghnagar,2001,2011,,,
99900326,barddhaman,WB,"barddhaman,burdwan",1981,2011,,,
99900327,burdwan,WB,burdwan,1951,1971,,,
99900328,calcutta,WB,calcutta,1951,1991,,,
99900329,darjiling,WB,"darjeeling,darjiling",1981,2011,,,
99900330,haora,WB,"haora,haroa,howrah,paniara",1981,2011,,,
99900331,hugli,WB,"chinsurah,chinsurahsadar,chunchura,googhly,hooghly,hoogly,hugli",1981,2011,,,
99900332,kochbihar,WB,"cooch,coochbehar,kochbihar",1981,2011,,,
99900333,maldah,WB,"englishbazar,malda,maldah",1981,2011,,,
99900334,medinipur,WB,"medinipur,mfeddnipur,midnapore",1981,1991,,,
99900335,midnapore,WB,midnapore,1961,1971,,,
99900336,midnapur,WB,"midnapore,midnapur",1951,1951,,,
99900337,northtwentyfourparganas,WB,"barasat,north,northparganas,northtwentyfourparganas",1991,2011,,,
99900338,puruliya,WB,"purulia,puruliya",1981,2011,,,
99900339,southtwentyfourparganas,WB,"alipore,aliporesadar,south,southparganas,southtwentyfourparganas",1991,2011,,,
99900340,twentyfourparganas,WB,"paraganas,parganas,twentyfourparganas,twentyfourparganast,twetyfourparganas",1951,1981,,,
99900341,westdinajpur,WB,"balurghat,westdinajpur",1951,1991,,,
