S.No.,State Code,State Name,District Code,District Name,Census 2001 Code,Census 2011 Code
,,,,,,
1,35,ANDAMAN AND NICOBAR ISLANDS,603,NICOBARS,02,638
2,35,ANDAMAN AND NICOBAR ISLANDS,632,NORTH AND MIDDLE ANDAMAN,,639
3,35,ANDAMAN AND NICOBAR ISLANDS,602,SOUTH ANDAMANS,01,640
4,28,ANDHRA PRADESH,745,Alluri Sitharama Raju,,000
5,28,ANDHRA PRADESH,744,Anakapalli,,000
6,28,ANDHRA PRADESH,502,ANANTAPUR,22,553
7,28,ANDHRA PRADESH,753,Annamayya,,000
8,28,ANDHRA PRADESH,750,Bapatla,,000
9,28,ANDHRA PRADESH,503,CHITTOOR,23,554
10,28,ANDHRA PRADESH,505,EAST GODAVARI,14,545
11,28,ANDHRA PRADESH,748,Eluru,,000
12,28,ANDHRA PRADESH,506,GUNTUR,17,548
13,28,ANDHRA PRADESH,746,Kakinada,,000
14,28,ANDHRA PRADESH,747,Konaseema,,000
15,28,ANDHRA PRADESH,510,KRISHNA,16,547
16,28,ANDHRA PRADESH,511,KURNOOL,21,552
17,28,ANDHRA PRADESH,755,Nandyal,,000
18,28,ANDHRA PRADESH,749,NTR,,000
19,28,ANDHRA PRADESH,751,Palnadu,,000
20,28,ANDHRA PRADESH,743,Parvathipuram Manyam,,000
21,28,ANDHRA PRADESH,517,PRAKASAM,18,549
22,28,ANDHRA PRADESH,515,SPSR NELLORE,19,550
23,28,ANDHRA PRADESH,519,SRIKAKULAM,11,542
24,28,ANDHRA PRADESH,754,Sri Sathya Sai,,000
25,28,ANDHRA PRADESH,752,Tirupati,,000
26,28,ANDHRA PRADESH,520,VISAKHAPATANAM,13,544
27,28,ANDHRA PRADESH,521,VIZIANAGARAM,12,543
28,28,ANDHRA PRADESH,523,WEST GODAVARI,15,546
29,28,ANDHRA PRADESH,504,Y.S.R.,20,551
30,12,ARUNACHAL PRADESH,628,ANJAW,,260
31,12,ARUNACHAL PRADESH,229,CHANGLANG,12,253
32,12,ARUNACHAL PRADESH,230,DIBANG VALLEY,10,257
33,12,ARUNACHAL PRADESH,231,EAST KAMENG,03,247
34,12,ARUNACHAL PRADESH,232,EAST SIANG,08,251
35,12,ARUNACHAL PRADESH,718,KAMLE,,000
36,12,ARUNACHAL PRADESH,677,KRA DAADI,,000
37,12,ARUNACHAL PRADESH,233,KURUNG KUMEY,14,256
38,12,ARUNACHAL PRADESH,724,LEPARADA,,000
39,12,ARUNACHAL PRADESH,234,LOHIT,11,259
40,12,ARUNACHAL PRADESH,666,LONGDING,,000
41,12,ARUNACHAL PRADESH,235,LOWER DIBANG VALLEY,15,258
42,12,ARUNACHAL PRADESH,719,LOWER SIANG,,000
43,12,ARUNACHAL PRADESH,236,LOWER SUBANSIRI,05,255
44,12,ARUNACHAL PRADESH,678,NAMSAI,,000
45,12,ARUNACHAL PRADESH,723,PAKKE KESSANG,,000
46,12,ARUNACHAL PRADESH,237,PAPUM PARE,04,248
47,12,ARUNACHAL PRADESH,725,SHI YOMI,,000
48,12,ARUNACHAL PRADESH,679,SIANG,,000
49,12,ARUNACHAL PRADESH,238,TAWANG,01,245
50,12,ARUNACHAL PRADESH,239,TIRAP,13,254
51,12,ARUNACHAL PRADESH,240,UPPER SIANG,09,252
52,12,ARUNACHAL PRADESH,241,UPPER SUBANSIRI,06,249
53,12,ARUNACHAL PRADESH,242,WEST KAMENG,02,246
54,12,ARUNACHAL PRADESH,243,WEST SIANG,07,250
55,18,ASSAM,739,BAJALI,,000
56,18,ASSAM,616,BAKSA,,324
57,18,ASSAM,280,BARPETA,05,303
58,18,ASSAM,705,Biswanath,,000
59,18,ASSAM,281,BONGAIGAON,04,319
60,18,ASSAM,282,CACHAR,21,316
61,18,ASSAM,708,CHARAIDEO,,000
62,18,ASSAM,612,CHIRANG,,320
63,18,ASSAM,283,DARRANG,08,325
64,18,ASSAM,284,DHEMAJI,13,308
65,18,ASSAM,285,DHUBRI,02,301
66,18,ASSAM,286,DIBRUGARH,15,310
67,18,ASSAM,299,DIMA HASAO,20,315
68,18,ASSAM,287,GOALPARA,03,302
69,18,ASSAM,288,GOLAGHAT,18,313
70,18,ASSAM,289,HAILAKANDI,23,318
71,18,ASSAM,709,HOJAI,,000
72,18,ASSAM,290,JORHAT,17,312
73,18,ASSAM,291,KAMRUP,06,321
74,18,ASSAM,618,KAMRUP METRO,,322
75,18,ASSAM,292,KARBI ANGLONG,19,314
76,18,ASSAM,293,KARIMGANJ,22,317
77,18,ASSAM,294,KOKRAJHAR,01,300
78,18,ASSAM,295,LAKHIMPUR,12,307
79,18,ASSAM,706,MAJULI,,000
80,18,ASSAM,296,MARIGAON,09,304
81,18,ASSAM,297,NAGAON,10,305
82,18,ASSAM,298,NALBARI,07,323
83,18,ASSAM,300,SIVASAGAR,16,311
84,18,ASSAM,301,SONITPUR,11,306
85,18,ASSAM,707,SOUTH SALMARA MANCACHAR,,000
86,18,ASSAM,756,TAMULPUR,,000
87,18,ASSAM,302,TINSUKIA,14,309
88,18,ASSAM,617,UDALGURI,,326
89,18,ASSAM,710,WEST KARBI ANGLONG,,000
90,10,BIHAR,188,ARARIA,07,209
91,10,BIHAR,611,ARWAL,33,240
92,10,BIHAR,189,AURANGABAD,34,235
93,10,BIHAR,190,BANKA,23,225
94,10,BIHAR,191,BEGUSARAI,20,222
95,10,BIHAR,192,BHAGALPUR,22,224
96,10,BIHAR,193,BHOJPUR,29,231
97,10,BIHAR,194,BUXAR,30,232
98,10,BIHAR,195,DARBHANGA,13,215
99,10,BIHAR,196,GAYA,35,236
100,10,BIHAR,197,GOPALGANJ,15,217
101,10,BIHAR,198,JAMUI,37,238
102,10,BIHAR,199,JEHANABAD,33,239
103,10,BIHAR,200,KAIMUR (BHABUA),31,233
104,10,BIHAR,201,KATIHAR,10,212
105,10,BIHAR,202,KHAGARIA,21,223
106,10,BIHAR,203,KISHANGANJ,08,210
107,10,BIHAR,204,LAKHISARAI,25,227
108,10,BIHAR,205,MADHEPURA,11,213
109,10,BIHAR,206,MADHUBANI,05,207
110,10,BIHAR,207,MUNGER,24,226
111,10,BIHAR,208,MUZAFFARPUR,14,216
112,10,BIHAR,209,NALANDA,27,229
113,10,BIHAR,210,NAWADA,36,237
114,10,BIHAR,211,PASHCHIM CHAMPARAN,01,203
115,10,BIHAR,212,PATNA,28,230
116,10,BIHAR,213,PURBI CHAMPARAN,02,204
117,10,BIHAR,214,PURNIA,09,211
118,10,BIHAR,215,ROHTAS,32,234
119,10,BIHAR,216,SAHARSA,12,214
120,10,BIHAR,217,SAMASTIPUR,19,221
121,10,BIHAR,218,SARAN,17,219
122,10,BIHAR,219,SHEIKHPURA,26,228
123,10,BIHAR,220,SHEOHAR,03,205
124,10,BIHAR,221,SITAMARHI,04,206
125,10,BIHAR,222,SIWAN,16,218
126,10,BIHAR,223,SUPAUL,06,208
127,10,BIHAR,224,VAISHALI,18,220
128,4,CHANDIGARH,44,CHANDIGARH,01,055
129,22,CHHATTISGARH,646,BALOD,,000
130,22,CHHATTISGARH,644,BALODA BAZAR,,000
131,22,CHHATTISGARH,649,BALRAMPUR,,000
132,22,CHHATTISGARH,374,BASTAR,15,414
133,22,CHHATTISGARH,650,BEMETARA,,000
134,22,CHHATTISGARH,636,BIJAPUR,16,417
135,22,CHHATTISGARH,375,BILASPUR,07,406
136,22,CHHATTISGARH,376,DANTEWADA,16,416
137,22,CHHATTISGARH,377,DHAMTARI,13,412
138,22,CHHATTISGARH,378,DURG,10,409
139,22,CHHATTISGARH,645,GARIYABAND,,000
140,22,CHHATTISGARH,734,Gaurella Pendra Marwahi,,000
141,22,CHHATTISGARH,379,JANJGIR-CHAMPA,06,405
142,22,CHHATTISGARH,380,JASHPUR,03,402
143,22,CHHATTISGARH,382,KABIRDHAM,08,407
144,22,CHHATTISGARH,381,KANKER,14,413
145,22,CHHATTISGARH,643,KONDAGAON,,000
146,22,CHHATTISGARH,383,KORBA,05,404
147,22,CHHATTISGARH,384,KOREA,01,400
148,22,CHHATTISGARH,385,MAHASAMUND,12,411
149,22,CHHATTISGARH,647,MUNGELI,,000
150,22,CHHATTISGARH,637,NARAYANPUR,,415
151,22,CHHATTISGARH,386,RAIGARH,04,403
152,22,CHHATTISGARH,387,RAIPUR,11,410
153,22,CHHATTISGARH,388,RAJNANDGAON,09,408
154,22,CHHATTISGARH,642,SUKMA,,000
155,22,CHHATTISGARH,648,SURAJPUR,,000
156,22,CHHATTISGARH,389,SURGUJA,02,401
157,7,DELHI,77,CENTRAL,06,095
158,7,DELHI,78,EAST,04,093
159,7,DELHI,79,NEW DELHI,05,094
160,7,DELHI,80,NORTH,02,091
161,7,DELHI,81,NORTH EAST,03,092
162,7,DELHI,82,NORTH WEST,01,090
163,7,DELHI,671,SHAHDARA,,000
164,7,DELHI,83,SOUTH,09,098
165,7,DELHI,670,South East,,000
166,7,DELHI,84,SOUTH WEST,08,097
167,7,DELHI,85,WEST,07,096
168,30,GOA,551,NORTH GOA,01,585
169,30,GOA,552,SOUTH GOA,02,586
170,24,GUJARAT,438,AHMADABAD,07,474
171,24,GUJARAT,439,AMRELI,13,480
172,24,GUJARAT,440,ANAND,15,482
173,24,GUJARAT,672,ARVALLI,,000
174,24,GUJARAT,441,BANAS KANTHA,02,469
175,24,GUJARAT,442,BHARUCH,21,488
176,24,GUJARAT,443,BHAVNAGAR,14,481
177,24,GUJARAT,676,BOTAD,,000
178,24,GUJARAT,668,CHHOTAUDEPUR,,000
179,24,GUJARAT,444,DANG,23,489
180,24,GUJARAT,674,DEVBHUMI DWARKA,,000
181,24,GUJARAT,445,DOHAD,18,485
182,24,GUJARAT,446,GANDHINAGAR,06,473
183,24,GUJARAT,675,GIR SOMNATH,,000
184,24,GUJARAT,447,JAMNAGAR,10,477
185,24,GUJARAT,448,JUNAGADH,12,479
186,24,GUJARAT,449,KACHCHH,01,468
187,24,GUJARAT,450,KHEDA,16,483
188,24,GUJARAT,451,MAHESANA,04,471
189,24,GUJARAT,669,Mahisagar,,000
190,24,GUJARAT,673,MORBI,,000
191,24,GUJARAT,452,NARMADA,20,487
192,24,GUJARAT,453,NAVSARI,24,490
193,24,GUJARAT,454,PANCH MAHALS,17,484
194,24,GUJARAT,455,PATAN,03,470
195,24,GUJARAT,456,PORBANDAR,11,478
196,24,GUJARAT,457,RAJKOT,09,476
197,24,GUJARAT,458,SABAR KANTHA,05,472
198,24,GUJARAT,459,SURAT,22,492
199,24,GUJARAT,460,SURENDRANAGAR,08,475
200,24,GUJARAT,641,TAPI,,493
201,24,GUJARAT,461,VADODARA,19,486
202,24,GUJARAT,462,VALSAD,25,491
203,6,HARYANA,58,AMBALA,02,070
204,6,HARYANA,59,BHIWANI,13,081
205,6,HARYANA,701,CHARKI DADRI,,000
206,6,HARYANA,60,FARIDABAD,19,088
207,6,HARYANA,61,FATEHABAD,10,078
208,6,HARYANA,62,GURUGRAM,18,086
209,6,HARYANA,63,HISAR,12,080
210,6,HARYANA,64,JHAJJAR,15,083
211,6,HARYANA,65,JIND,09,077
212,6,HARYANA,66,KAITHAL,05,073
213,6,HARYANA,67,KARNAL,06,074
214,6,HARYANA,68,KURUKSHETRA,04,072
215,6,HARYANA,69,MAHENDRAGARH,16,084
216,6,HARYANA,604,NUH,,087
217,6,HARYANA,619,PALWAL,,089
218,6,HARYANA,70,PANCHKULA,01,069
219,6,HARYANA,71,PANIPAT,07,075
220,6,HARYANA,72,REWARI,17,085
221,6,HARYANA,73,ROHTAK,14,082
222,6,HARYANA,74,SIRSA,11,079
223,6,HARYANA,75,SONIPAT,08,076
224,6,HARYANA,76,YAMUNANAGAR,03,071
225,2,HIMACHAL PRADESH,15,BILASPUR,08,030
226,2,HIMACHAL PRADESH,16,CHAMBA,01,023
227,2,HIMACHAL PRADESH,17,HAMIRPUR,06,028
228,2,HIMACHAL PRADESH,18,KANGRA,02,024
229,2,HIMACHAL PRADESH,19,KINNAUR,12,034
230,2,HIMACHAL PRADESH,20,KULLU,04,026
231,2,HIMACHAL PRADESH,21,LAHUL AND SPITI,03,025
232,2,HIMACHAL PRADESH,22,MANDI,05,027
233,2,HIMACHAL PRADESH,23,SHIMLA,11,033
234,2,HIMACHAL PRADESH,24,SIRMAUR,10,032
235,2,HIMACHAL PRADESH,25,SOLAN,09,031
236,2,HIMACHAL PRADESH,26,UNA,07,029
237,1,JAMMU AND KASHMIR,1,ANANTNAG,06,014
238,1,JAMMU AND KASHMIR,623,BANDIPORA,,009
239,1,JAMMU AND KASHMIR,3,BARAMULLA,02,008
240,1,JAMMU AND KASHMIR,2,Budgam,04,002
241,1,JAMMU AND KASHMIR,4,DODA,09,016
242,1,JAMMU AND KASHMIR,626,GANDERBAL,,011
243,1,JAMMU AND KASHMIR,5,JAMMU,13,021
244,1,JAMMU AND KASHMIR,7,KATHUA,14,007
245,1,JAMMU AND KASHMIR,620,KISHTWAR,09,018
246,1,JAMMU AND KASHMIR,622,KULGAM,,015
247,1,JAMMU AND KASHMIR,8,KUPWARA,01,001
248,1,JAMMU AND KASHMIR,10,POONCH,11,005
249,1,JAMMU AND KASHMIR,11,PULWAMA,05,012
250,1,JAMMU AND KASHMIR,12,RAJOURI,12,006
251,1,JAMMU AND KASHMIR,621,RAMBAN,09,017
252,1,JAMMU AND KASHMIR,627,REASI,,020
253,1,JAMMU AND KASHMIR,624,SAMBA,,022
254,1,JAMMU AND KASHMIR,625,SHOPIAN,,013
255,1,JAMMU AND KASHMIR,13,SRINAGAR,03,010
256,1,JAMMU AND KASHMIR,14,UDHAMPUR,10,019
257,20,JHARKHAND,322,BOKARO,13,355
258,20,JHARKHAND,323,CHATRA,03,347
259,20,JHARKHAND,324,DEOGHAR,07,350
260,20,JHARKHAND,325,DHANBAD,12,354
261,20,JHARKHAND,326,DUMKA,11,362
262,20,JHARKHAND,327,EAST SINGHBUM,18,357
263,20,JHARKHAND,328,GARHWA,01,346
264,20,JHARKHAND,329,GIRIDIH,06,349
265,20,JHARKHAND,330,GODDA,08,351
266,20,JHARKHAND,331,GUMLA,16,366
267,20,JHARKHAND,332,HAZARIBAGH,04,360
268,20,JHARKHAND,333,JAMTARA,20,363
269,20,JHARKHAND,606,KHUNTI,14,365
270,20,JHARKHAND,334,KODERMA,05,348
271,20,JHARKHAND,335,LATEHAR,02,359
272,20,JHARKHAND,336,LOHARDAGA,15,356
273,20,JHARKHAND,337,PAKUR,10,353
274,20,JHARKHAND,338,PALAMU,02,358
275,20,JHARKHAND,607,RAMGARH,04,361
276,20,JHARKHAND,339,RANCHI,14,364
277,20,JHARKHAND,340,SAHEBGANJ,09,352
278,20,JHARKHAND,341,SARAIKELA KHARSAWAN,17,369
279,20,JHARKHAND,342,SIMDEGA,21,367
280,20,JHARKHAND,343,WEST SINGHBHUM,17,368
281,29,KARNATAKA,524,BAGALKOTE,02,556
282,29,KARNATAKA,528,BALLARI,12,565
283,29,KARNATAKA,527,BELAGAVI,01,555
284,29,KARNATAKA,526,BENGALURU RURAL,21,583
285,29,KARNATAKA,525,BENGALURU URBAN,20,572
286,29,KARNATAKA,529,BIDAR,05,558
287,29,KARNATAKA,531,CHAMARAJANAGARA,27,578
288,29,KARNATAKA,630,CHIKKABALLAPURA,19,582
289,29,KARNATAKA,532,CHIKKAMAGALURU,17,570
290,29,KARNATAKA,533,CHITRADURGA,13,566
291,29,KARNATAKA,534,DAKSHINA KANNADA,24,575
292,29,KARNATAKA,535,DAVANGERE,14,567
293,29,KARNATAKA,536,DHARWAD,09,562
294,29,KARNATAKA,537,GADAG,08,561
295,29,KARNATAKA,539,HASSAN,23,574
296,29,KARNATAKA,540,HAVERI,11,564
297,29,KARNATAKA,538,KALABURAGI,04,579
298,29,KARNATAKA,541,KODAGU,25,576
299,29,KARNATAKA,542,KOLAR,19,581
300,29,KARNATAKA,543,KOPPAL,07,560
301,29,KARNATAKA,544,MANDYA,22,573
302,29,KARNATAKA,545,MYSURU,26,577
303,29,KARNATAKA,546,RAICHUR,06,559
304,29,KARNATAKA,631,RAMANAGARA,21,584
305,29,KARNATAKA,547,SHIVAMOGGA,15,568
306,29,KARNATAKA,548,TUMAKURU,18,571
307,29,KARNATAKA,549,UDUPI,16,569
308,29,KARNATAKA,550,UTTARA KANNADA,10,563
309,29,KARNATAKA,738,VIJAYANAGAR,,000
310,29,KARNATAKA,530,VIJAYAPURA,03,557
311,29,KARNATAKA,635,YADGIR,04,580
312,32,KERALA,554,ALAPPUZHA,11,598
313,32,KERALA,555,ERNAKULAM,08,595
314,32,KERALA,556,IDUKKI,09,596
315,32,KERALA,557,KANNUR,02,589
316,32,KERALA,558,KASARAGOD,01,588
317,32,KERALA,559,KOLLAM,13,600
318,32,KERALA,560,KOTTAYAM,10,597
319,32,KERALA,561,KOZHIKODE,04,591
320,32,KERALA,562,MALAPPURAM,05,592
321,32,KERALA,563,PALAKKAD,06,593
322,32,KERALA,564,PATHANAMTHITTA,12,599
323,32,KERALA,565,THIRUVANANTHAPURAM,14,601
324,32,KERALA,566,THRISSUR,07,594
325,32,KERALA,567,WAYANAD,03,590
326,37,LADAKH,6,KARGIL,08,004
327,37,LADAKH,9,LEH LADAKH,07,003
328,31,LAKSHADWEEP,553,LAKSHADWEEP DISTRICT,01,587
329,23,MADHYA PRADESH,667,AGAR MALWA,,000
330,23,MADHYA PRADESH,639,ALIRAJPUR,24,465
331,23,MADHYA PRADESH,390,ANUPPUR,16,461
332,23,MADHYA PRADESH,391,ASHOKNAGAR,46,459
333,23,MADHYA PRADESH,392,BALAGHAT,45,457
334,23,MADHYA PRADESH,393,BARWANI,28,441
335,23,MADHYA PRADESH,394,BETUL,35,447
336,23,MADHYA PRADESH,395,BHIND,03,420
337,23,MADHYA PRADESH,396,BHOPAL,32,444
338,23,MADHYA PRADESH,397,BURHANPUR,29,467
339,23,MADHYA PRADESH,398,CHHATARPUR,09,425
340,23,MADHYA PRADESH,399,CHHINDWARA,43,455
341,23,MADHYA PRADESH,400,DAMOH,12,428
342,23,MADHYA PRADESH,401,DATIA,05,422
343,23,MADHYA PRADESH,402,DEWAS,23,437
344,23,MADHYA PRADESH,403,DHAR,25,438
345,23,MADHYA PRADESH,404,DINDORI,41,453
346,23,MADHYA PRADESH,405,EAST NIMAR,29,466
347,23,MADHYA PRADESH,406,GUNA,07,458
348,23,MADHYA PRADESH,407,GWALIOR,04,421
349,23,MADHYA PRADESH,408,HARDA,36,448
350,23,MADHYA PRADESH,410,INDORE,26,439
351,23,MADHYA PRADESH,411,JABALPUR,39,451
352,23,MADHYA PRADESH,412,JHABUA,24,464
353,23,MADHYA PRADESH,413,KATNI,38,450
354,23,MADHYA PRADESH,414,KHARGONE,27,440
355,23,MADHYA PRADESH,415,MANDLA,42,454
356,23,MADHYA PRADESH,416,MANDSAUR,19,433
357,23,MADHYA PRADESH,417,MORENA,02,419
358,23,MADHYA PRADESH,409,NARMADAPURAM,37,449
359,23,MADHYA PRADESH,418,NARSINGHPUR,40,452
360,23,MADHYA PRADESH,419,NEEMUCH,18,432
361,23,MADHYA PRADESH,722,Niwari,,000
362,23,MADHYA PRADESH,420,PANNA,10,426
363,23,MADHYA PRADESH,421,RAISEN,34,446
364,23,MADHYA PRADESH,422,RAJGARH,30,442
365,23,MADHYA PRADESH,423,RATLAM,20,434
366,23,MADHYA PRADESH,424,REWA,14,430
367,23,MADHYA PRADESH,425,SAGAR,11,427
368,23,MADHYA PRADESH,426,SATNA,13,429
369,23,MADHYA PRADESH,427,SEHORE,33,445
370,23,MADHYA PRADESH,428,SEONI,44,456
371,23,MADHYA PRADESH,429,SHAHDOL,16,460
372,23,MADHYA PRADESH,430,SHAJAPUR,22,436
373,23,MADHYA PRADESH,431,SHEOPUR,01,418
374,23,MADHYA PRADESH,432,SHIVPURI,06,423
375,23,MADHYA PRADESH,433,SIDHI,17,462
376,23,MADHYA PRADESH,638,SINGRAULI,,463
377,23,MADHYA PRADESH,434,TIKAMGARH,08,424
378,23,MADHYA PRADESH,435,UJJAIN,21,435
379,23,MADHYA PRADESH,436,UMARIA,15,431
380,23,MADHYA PRADESH,437,VIDISHA,31,443
381,27,MAHARASHTRA,466,AHMEDNAGAR,26,522
382,27,MAHARASHTRA,467,AKOLA,05,501
383,27,MAHARASHTRA,468,AMRAVATI,07,503
384,27,MAHARASHTRA,469,AURANGABAD,19,515
385,27,MAHARASHTRA,470,BEED,27,523
386,27,MAHARASHTRA,471,BHANDARA,10,506
387,27,MAHARASHTRA,472,BULDHANA,04,500
388,27,MAHARASHTRA,473,CHANDRAPUR,13,509
389,27,MAHARASHTRA,474,DHULE,02,498
390,27,MAHARASHTRA,475,GADCHIROLI,12,508
391,27,MAHARASHTRA,476,GONDIA,11,507
392,27,MAHARASHTRA,477,HINGOLI,16,512
393,27,MAHARASHTRA,478,JALGAON,03,499
394,27,MAHARASHTRA,479,JALNA,18,514
395,27,MAHARASHTRA,480,KOLHAPUR,34,530
396,27,MAHARASHTRA,481,LATUR,28,524
397,27,MAHARASHTRA,482,MUMBAI,23,519
398,27,MAHARASHTRA,483,MUMBAI SUBURBAN,22,518
399,27,MAHARASHTRA,484,NAGPUR,09,505
400,27,MAHARASHTRA,485,NANDED,15,511
401,27,MAHARASHTRA,486,NANDURBAR,01,497
402,27,MAHARASHTRA,487,NASHIK,20,516
403,27,MAHARASHTRA,488,OSMANABAD,29,525
404,27,MAHARASHTRA,665,PALGHAR,,000
405,27,MAHARASHTRA,489,PARBHANI,17,513
406,27,MAHARASHTRA,490,PUNE,25,521
407,27,MAHARASHTRA,491,RAIGAD,24,520
408,27,MAHARASHTRA,492,RATNAGIRI,32,528
409,27,MAHARASHTRA,493,SANGLI,35,531
410,27,MAHARASHTRA,494,SATARA,31,527
411,27,MAHARASHTRA,495,SINDHUDURG,33,529
412,27,MAHARASHTRA,496,SOLAPUR,30,526
413,27,MAHARASHTRA,497,THANE,21,517
414,27,MAHARASHTRA,498,WARDHA,08,504
415,27,MAHARASHTRA,499,WASHIM,06,502
416,27,MAHARASHTRA,500,YAVATMAL,14,510
417,14,MANIPUR,252,BISHNUPUR,04,275
418,14,MANIPUR,253,CHANDEL,09,280
419,14,MANIPUR,254,CHURACHANDPUR,03,274
420,14,MANIPUR,255,IMPHAL EAST,07,278
421,14,MANIPUR,256,IMPHAL WEST,06,277
422,14,MANIPUR,713,JIRIBAM,,000
423,14,MANIPUR,711,KAKCHING,,000
424,14,MANIPUR,717,KAMJONG,,000
425,14,MANIPUR,712,KANGPOKPI,,000
426,14,MANIPUR,714,NONEY,,000
427,14,MANIPUR,715,PHERZAWL,,000
428,14,MANIPUR,257,SENAPATI,01,272
429,14,MANIPUR,258,TAMENGLONG,02,273
430,14,MANIPUR,716,TENGNOUPAL,,000
431,14,MANIPUR,259,THOUBAL,05,276
432,14,MANIPUR,260,UKHRUL,08,279
433,17,MEGHALAYA,740,EASTERN WEST KHASI HILLS,,000
434,17,MEGHALAYA,273,EAST GARO HILLS,02,294
435,17,MEGHALAYA,657,EAST JAINTIA HILLS,,000
436,17,MEGHALAYA,274,EAST KHASI HILLS,06,298
437,17,MEGHALAYA,656,NORTH GARO HILLS,,000
438,17,MEGHALAYA,276,RI BHOI,05,297
439,17,MEGHALAYA,277,SOUTH GARO HILLS,03,295
440,17,MEGHALAYA,663,SOUTH WEST GARO HILLS,,000
441,17,MEGHALAYA,658,SOUTH WEST KHASI HILLS,,000
442,17,MEGHALAYA,278,WEST GARO HILLS,01,293
443,17,MEGHALAYA,275,WEST JAINTIA HILLS,07,299
444,17,MEGHALAYA,279,WEST KHASI HILLS,04,296
445,15,MIZORAM,261,AIZAWL,03,283
446,15,MIZORAM,262,CHAMPHAI,04,284
447,15,MIZORAM,726,Hnahthial,,000
448,15,MIZORAM,728,KHAWZAWL,,000
449,15,MIZORAM,263,KOLASIB,02,282
450,15,MIZORAM,264,LAWNGTLAI,07,287
451,15,MIZORAM,265,LUNGLEI,06,286
452,15,MIZORAM,266,MAMIT,01,281
453,15,MIZORAM,267,SAIHA,08,288
454,15,MIZORAM,727,SAITUAL,,000
455,15,MIZORAM,268,SERCHHIP,05,285
456,13,NAGALAND,758,Chumoukedima,,000
457,13,NAGALAND,244,DIMAPUR,06,265
458,13,NAGALAND,614,KIPHIRE,02,269
459,13,NAGALAND,245,KOHIMA,07,270
460,13,NAGALAND,615,LONGLENG,02,268
461,13,NAGALAND,246,MOKOKCHUNG,03,262
462,13,NAGALAND,247,MON,01,261
463,13,NAGALAND,736,Noklak,,000
464,13,NAGALAND,613,PEREN,07,271
465,13,NAGALAND,248,PHEK,08,266
466,13,NAGALAND,757,Tseminyu,,000
467,13,NAGALAND,249,TUENSANG,02,267
468,13,NAGALAND,250,WOKHA,05,264
469,13,NAGALAND,251,ZUNHEBOTO,04,263
470,21,ODISHA,344,ANUGUL,15,384
471,21,ODISHA,345,BALANGIR,24,393
472,21,ODISHA,346,BALESHWAR,08,377
473,21,ODISHA,347,BARGARH,01,370
474,21,ODISHA,348,BHADRAK,09,378
475,21,ODISHA,349,BOUDH,22,391
476,21,ODISHA,350,CUTTACK,12,381
477,21,ODISHA,351,DEOGARH,04,373
478,21,ODISHA,352,DHENKANAL,14,383
479,21,ODISHA,353,GAJAPATI,20,389
480,21,ODISHA,354,GANJAM,19,388
481,21,ODISHA,355,JAGATSINGHAPUR,11,380
482,21,ODISHA,356,JAJAPUR,13,382
483,21,ODISHA,357,JHARSUGUDA,02,371
484,21,ODISHA,358,KALAHANDI,26,395
485,21,ODISHA,359,KANDHAMAL,21,390
486,21,ODISHA,360,KENDRAPARA,10,379
487,21,ODISHA,361,KENDUJHAR,06,375
488,21,ODISHA,362,KHORDHA,17,386
489,21,ODISHA,363,KORAPUT,29,398
490,21,ODISHA,364,MALKANGIRI,30,399
491,21,ODISHA,365,MAYURBHANJ,07,376
492,21,ODISHA,366,NABARANGPUR,28,397
493,21,ODISHA,367,NAYAGARH,16,385
494,21,ODISHA,368,NUAPADA,25,394
495,21,ODISHA,369,PURI,18,387
496,21,ODISHA,370,RAYAGADA,27,396
497,21,ODISHA,371,SAMBALPUR,03,372
498,21,ODISHA,372,SONEPUR,23,392
499,21,ODISHA,373,SUNDARGARH,05,374
500,34,PUDUCHERRY,598,KARAIKAL,04,637
501,34,PUDUCHERRY,599,MAHE,03,636
502,34,PUDUCHERRY,600,PONDICHERRY,02,635
503,34,PUDUCHERRY,601,YANAM,01,634
504,3,PUNJAB,27,AMRITSAR,02,049
505,3,PUNJAB,605,BARNALA,,054
506,3,PUNJAB,28,BATHINDA,14,046
507,3,PUNJAB,29,FARIDKOT,13,045
508,3,PUNJAB,30,FATEHGARH SAHIB,08,040
509,3,PUNJAB,651,FAZILKA,,000
510,3,PUNJAB,31,FEROZEPUR,11,043
511,3,PUNJAB,32,GURDASPUR,01,035
512,3,PUNJAB,33,HOSHIARPUR,05,038
513,3,PUNJAB,34,JALANDHAR,04,037
514,3,PUNJAB,35,KAPURTHALA,03,036
515,3,PUNJAB,36,LUDHIANA,09,041
516,3,PUNJAB,737,MALERKOTLA,,000
517,3,PUNJAB,37,MANSA,15,047
518,3,PUNJAB,38,MOGA,10,042
519,3,PUNJAB,662,PATHANKOT,,000
520,3,PUNJAB,41,PATIALA,17,048
521,3,PUNJAB,42,RUPNAGAR,07,051
522,3,PUNJAB,43,SANGRUR,16,053
523,3,PUNJAB,608,S.A.S Nagar,,052
524,3,PUNJAB,40,Shahid Bhagat Singh Nagar,06,039
525,3,PUNJAB,39,SRI MUKTSAR SAHIB,12,044
526,3,PUNJAB,609,Tarn Taran,,050
527,8,RAJASTHAN,86,AJMER,21,119
528,8,RAJASTHAN,87,ALWAR,06,104
529,8,RAJASTHAN,88,BANSWARA,28,125
530,8,RAJASTHAN,89,BARAN,31,128
531,8,RAJASTHAN,90,BARMER,17,115
532,8,RAJASTHAN,91,BHARATPUR,07,105
533,8,RAJASTHAN,92,BHILWARA,24,122
534,8,RAJASTHAN,93,BIKANER,03,101
535,8,RAJASTHAN,94,BUNDI,23,121
536,8,RAJASTHAN,95,CHITTORGARH,29,126
537,8,RAJASTHAN,96,CHURU,04,102
538,8,RAJASTHAN,97,DAUSA,11,109
539,8,RAJASTHAN,98,DHOLPUR,08,106
540,8,RAJASTHAN,99,DUNGARPUR,27,124
541,8,RAJASTHAN,100,GANGANAGAR,01,099
542,8,RAJASTHAN,101,HANUMANGARH,02,100
543,8,RAJASTHAN,102,JAIPUR,12,110
544,8,RAJASTHAN,103,JAISALMER,16,114
545,8,RAJASTHAN,104,JALORE,18,116
546,8,RAJASTHAN,105,JHALAWAR,32,129
547,8,RAJASTHAN,106,JHUNJHUNU,05,103
548,8,RAJASTHAN,107,JODHPUR,15,113
549,8,RAJASTHAN,108,KARAULI,09,107
550,8,RAJASTHAN,109,KOTA,30,127
551,8,RAJASTHAN,110,NAGAUR,14,112
552,8,RAJASTHAN,111,PALI,20,118
553,8,RAJASTHAN,629,PRATAPGARH,,131
554,8,RAJASTHAN,112,RAJSAMAND,25,123
555,8,RAJASTHAN,113,SAWAI MADHOPUR,10,108
556,8,RAJASTHAN,114,SIKAR,13,111
557,8,RAJASTHAN,115,SIROHI,19,117
558,8,RAJASTHAN,116,TONK,22,120
559,8,RAJASTHAN,117,UDAIPUR,26,130
560,11,SIKKIM,225,Gangtok,04,244
561,11,SIKKIM,228,Gyalshing,02,242
562,11,SIKKIM,226,Mangan,01,241
563,11,SIKKIM,227,Namchi,03,243
564,11,SIKKIM,741,Pakyong,,000
565,11,SIKKIM,742,Soreng,,000
566,33,TAMIL NADU,610,Ariyalur,17,616
567,33,TAMIL NADU,730,CHENGALPATTU,,000
568,33,TAMIL NADU,568,CHENNAI,02,603
569,33,TAMIL NADU,569,COIMBATORE,12,632
570,33,TAMIL NADU,570,CUDDALORE,18,617
571,33,TAMIL NADU,571,DHARMAPURI,05,630
572,33,TAMIL NADU,572,DINDIGUL,13,612
573,33,TAMIL NADU,573,ERODE,10,610
574,33,TAMIL NADU,729,KALLAKURICHI,,000
575,33,TAMIL NADU,574,KANCHIPURAM,03,604
576,33,TAMIL NADU,575,KANNIYAKUMARI,30,629
577,33,TAMIL NADU,576,KARUR,14,613
578,33,TAMIL NADU,577,KRISHNAGIRI,05,631
579,33,TAMIL NADU,578,MADURAI,24,623
580,33,TAMIL NADU,735,Mayiladuthurai,,000
581,33,TAMIL NADU,579,NAGAPATTINAM,19,618
582,33,TAMIL NADU,580,NAMAKKAL,09,609
583,33,TAMIL NADU,581,PERAMBALUR,16,615
584,33,TAMIL NADU,582,PUDUKKOTTAI,22,621
585,33,TAMIL NADU,583,RAMANATHAPURAM,27,626
586,33,TAMIL NADU,731,Ranipet,,000
587,33,TAMIL NADU,584,SALEM,08,608
588,33,TAMIL NADU,585,SIVAGANGA,23,622
589,33,TAMIL NADU,733,TENKASI,,000
590,33,TAMIL NADU,586,THANJAVUR,21,620
591,33,TAMIL NADU,588,THENI,25,624
592,33,TAMIL NADU,587,THE NILGIRIS,11,611
593,33,TAMIL NADU,589,THIRUVALLUR,01,602
594,33,TAMIL NADU,590,THIRUVARUR,20,619
595,33,TAMIL NADU,591,TIRUCHIRAPPALLI,15,614
596,33,TAMIL NADU,592,TIRUNELVELI,29,628
597,33,TAMIL NADU,732,Tirupathur,,000
598,33,TAMIL NADU,634,TIRUPPUR,,633
599,33,TAMIL NADU,593,TIRUVANNAMALAI,06,606
600,33,TAMIL NADU,594,TUTICORIN,28,627
601,33,TAMIL NADU,595,VELLORE,04,605
602,33,TAMIL NADU,596,VILLUPURAM,07,607
603,33,TAMIL NADU,597,VIRUDHUNAGAR,26,625
604,36,TELANGANA,501,ADILABAD,01,532
605,36,TELANGANA,690,BHADRADRI KOTHAGUDEM,,000
606,36,TELANGANA,686,HANUMAKONDA,,000
607,36,TELANGANA,507,HYDERABAD,05,536
608,36,TELANGANA,681,Jagitial,,000
609,36,TELANGANA,689,JANGOAN,,000
610,36,TELANGANA,687,JAYASHANKAR BHUPALAPALLY,,000
611,36,TELANGANA,695,JOGULAMBA GADWAL,,000
612,36,TELANGANA,685,KAMAREDDY,,000
613,36,TELANGANA,508,KARIMNAGAR,03,534
614,36,TELANGANA,509,KHAMMAM,10,541
615,36,TELANGANA,699,KUMURAM BHEEM ASIFABAD,,000
616,36,TELANGANA,688,MAHABUBABAD,,000
617,36,TELANGANA,512,MAHABUBNAGAR,07,538
618,36,TELANGANA,684,MANCHERIAL,,000
619,36,TELANGANA,513,MEDAK,04,535
620,36,TELANGANA,700,MEDCHAL MALKAJGIRI,,000
621,36,TELANGANA,720,Mulugu,,000
622,36,TELANGANA,694,NAGARKURNOOL,,000
623,36,TELANGANA,514,NALGONDA,08,539
624,36,TELANGANA,721,Narayanpet,,000
625,36,TELANGANA,680,Nirmal,,000
626,36,TELANGANA,516,NIZAMABAD,02,533
627,36,TELANGANA,682,PEDDAPALLI,,000
628,36,TELANGANA,683,RAJANNA SIRCILLA,,000
629,36,TELANGANA,518,RANGA REDDY,06,537
630,36,TELANGANA,691,SANGAREDDY,,000
631,36,TELANGANA,692,SIDDIPET,,000
632,36,TELANGANA,696,SURYAPET,,000
633,36,TELANGANA,698,VIKARABAD,,000
634,36,TELANGANA,693,WANAPARTHY,,000
635,36,TELANGANA,522,WARANGAL,09,540
636,36,TELANGANA,697,YADADRI BHUVANAGIRI,,000
637,38,THE DADRA AND NAGAR HAVELI AND DAMAN AND DIU,465,DADRA AND NAGAR HAVELI,01,496
638,38,THE DADRA AND NAGAR HAVELI AND DAMAN AND DIU,463,DAMAN,02,495
639,38,THE DADRA AND NAGAR HAVELI AND DAMAN AND DIU,464,DIU,01,494
640,16,TRIPURA,269,Dhalai,03,291
641,16,TRIPURA,654,Gomati,,000
642,16,TRIPURA,652,Khowai,,000
643,16,TRIPURA,270,North Tripura,04,292
644,16,TRIPURA,653,Sepahijala,,000
645,16,TRIPURA,271,South Tripura,02,290
646,16,TRIPURA,655,Unakoti,,000
647,16,TRIPURA,272,West Tripura,01,289
648,5,UTTARAKHAND,45,ALMORA,09,064
649,5,UTTARAKHAND,46,BAGESHWAR,08,063
650,5,UTTARAKHAND,47,CHAMOLI,02,057
651,5,UTTARAKHAND,48,CHAMPAWAT,10,065
652,5,UTTARAKHAND,49,DEHRADUN,05,060
653,5,UTTARAKHAND,50,HARIDWAR,13,068
654,5,UTTARAKHAND,51,NAINITAL,11,066
655,5,UTTARAKHAND,52,PAURI GARHWAL,06,061
656,5,UTTARAKHAND,53,PITHORAGARH,07,062
657,5,UTTARAKHAND,54,RUDRA PRAYAG,03,058
658,5,UTTARAKHAND,55,TEHRI GARHWAL,04,059
659,5,UTTARAKHAND,56,UDAM SINGH NAGAR,12,067
660,5,UTTARAKHAND,57,UTTAR KASHI,01,056
661,9,UTTAR PRADESH,118,AGRA,15,146
662,9,UTTAR PRADESH,119,ALIGARH,12,143
663,9,UTTAR PRADESH,121,AMBEDKAR NAGAR,48,178
664,9,UTTAR PRADESH,640,Amethi,,000
665,9,UTTAR PRADESH,154,AMROHA,06,137
666,9,UTTAR PRADESH,122,AURAIYA,32,162
667,9,UTTAR PRADESH,140,AYODHYA,47,177
668,9,UTTAR PRADESH,123,AZAMGARH,61,191
669,9,UTTAR PRADESH,124,BAGHPAT,08,139
670,9,UTTAR PRADESH,125,BAHRAICH,50,180
671,9,UTTAR PRADESH,126,BALLIA,63,193
672,9,UTTAR PRADESH,127,BALRAMPUR,52,182
673,9,UTTAR PRADESH,128,BANDA,40,170
674,9,UTTAR PRADESH,129,BARABANKI,46,176
675,9,UTTAR PRADESH,130,BAREILLY,20,150
676,9,UTTAR PRADESH,131,BASTI,55,185
677,9,UTTAR PRADESH,179,BHADOHI,68,198
678,9,UTTAR PRADESH,132,BIJNOR,03,134
679,9,UTTAR PRADESH,133,BUDAUN,19,149
680,9,UTTAR PRADESH,134,BULANDSHAHR,11,142
681,9,UTTAR PRADESH,135,CHANDAULI,66,196
682,9,UTTAR PRADESH,136,CHITRAKOOT,41,171
683,9,UTTAR PRADESH,137,DEORIA,60,190
684,9,UTTAR PRADESH,138,ETAH,17,201
685,9,UTTAR PRADESH,139,ETAWAH,31,161
686,9,UTTAR PRADESH,141,FARRUKHABAD,29,159
687,9,UTTAR PRADESH,142,FATEHPUR,42,172
688,9,UTTAR PRADESH,143,FIROZABAD,16,147
689,9,UTTAR PRADESH,144,GAUTAM BUDDHA NAGAR,10,141
690,9,UTTAR PRADESH,145,GHAZIABAD,09,140
691,9,UTTAR PRADESH,146,GHAZIPUR,65,195
692,9,UTTAR PRADESH,147,GONDA,53,183
693,9,UTTAR PRADESH,148,GORAKHPUR,58,188
694,9,UTTAR PRADESH,149,HAMIRPUR,38,168
695,9,UTTAR PRADESH,661,HAPUR,,000
696,9,UTTAR PRADESH,150,HARDOI,25,155
697,9,UTTAR PRADESH,163,HATHRAS,13,144
698,9,UTTAR PRADESH,151,JALAUN,35,165
699,9,UTTAR PRADESH,152,JAUNPUR,64,194
700,9,UTTAR PRADESH,153,JHANSI,36,166
701,9,UTTAR PRADESH,155,KANNAUJ,30,160
702,9,UTTAR PRADESH,156,KANPUR DEHAT,33,163
703,9,UTTAR PRADESH,157,KANPUR NAGAR,34,164
704,9,UTTAR PRADESH,633,Kasganj,,202
705,9,UTTAR PRADESH,158,KAUSHAMBI,44,174
706,9,UTTAR PRADESH,159,KHERI,23,153
707,9,UTTAR PRADESH,160,KUSHI NAGAR,59,189
708,9,UTTAR PRADESH,161,LALITPUR,37,167
709,9,UTTAR PRADESH,162,LUCKNOW,27,157
710,9,UTTAR PRADESH,164,MAHARAJGANJ,57,187
711,9,UTTAR PRADESH,165,MAHOBA,39,169
712,9,UTTAR PRADESH,166,MAINPURI,18,148
713,9,UTTAR PRADESH,167,MATHURA,14,145
714,9,UTTAR PRADESH,168,MAU,62,192
715,9,UTTAR PRADESH,169,MEERUT,07,138
716,9,UTTAR PRADESH,170,MIRZAPUR,69,199
717,9,UTTAR PRADESH,171,MORADABAD,04,135
718,9,UTTAR PRADESH,172,MUZAFFARNAGAR,02,133
719,9,UTTAR PRADESH,173,PILIBHIT,21,151
720,9,UTTAR PRADESH,174,PRATAPGARH,43,173
721,9,UTTAR PRADESH,120,PRAYAGRAJ,45,175
722,9,UTTAR PRADESH,175,RAE BARELI,28,158
723,9,UTTAR PRADESH,176,RAMPUR,05,136
724,9,UTTAR PRADESH,177,SAHARANPUR,01,132
725,9,UTTAR PRADESH,659,SAMBHAL,,000
726,9,UTTAR PRADESH,178,SANT KABEER NAGAR,56,186
727,9,UTTAR PRADESH,180,SHAHJAHANPUR,22,152
728,9,UTTAR PRADESH,660,SHAMLI,,000
729,9,UTTAR PRADESH,181,SHRAVASTI,51,181
730,9,UTTAR PRADESH,182,SIDDHARTH NAGAR,54,184
731,9,UTTAR PRADESH,183,SITAPUR,24,154
732,9,UTTAR PRADESH,184,SONBHADRA,70,200
733,9,UTTAR PRADESH,185,SULTANPUR,49,179
734,9,UTTAR PRADESH,186,UNNAO,26,156
735,9,UTTAR PRADESH,187,VARANASI,67,197
736,19,WEST BENGAL,303,24 PARAGANAS NORTH,11,337
737,19,WEST BENGAL,304,24 PARAGANAS SOUTH,18,343
738,19,WEST BENGAL,664,Alipurduar,,000
739,19,WEST BENGAL,305,BANKURA,13,339
740,19,WEST BENGAL,307,BIRBHUM,08,334
741,19,WEST BENGAL,308,COOCHBEHAR,03,329
742,19,WEST BENGAL,309,DARJEELING,01,327
743,19,WEST BENGAL,310,DINAJPUR DAKSHIN,05,331
744,19,WEST BENGAL,311,DINAJPUR UTTAR,04,330
745,19,WEST BENGAL,312,HOOGHLY,12,338
746,19,WEST BENGAL,313,HOWRAH,16,341
747,19,WEST BENGAL,314,JALPAIGURI,02,328
748,19,WEST BENGAL,703,Jhargram,,000
749,19,WEST BENGAL,702,KALIMPONG,,000
750,19,WEST BENGAL,315,KOLKATA,17,342
751,19,WEST BENGAL,316,MALDAH,06,332
752,19,WEST BENGAL,317,MEDINIPUR EAST,15,345
753,19,WEST BENGAL,318,MEDINIPUR WEST,15,344
754,19,WEST BENGAL,319,MURSHIDABAD,07,333
755,19,WEST BENGAL,320,NADIA,10,336
756,19,WEST BENGAL,704,PASCHIM BARDHAMAN,,000
757,19,WEST BENGAL,306,PURBA BARDHAMAN,09,335
758,19,WEST BENGAL,321,PURULIA,14,340
,,,,,,
"Sep 14, 2022 10:39 AM",,,,,,
